:020000040800F2
:10000000104100206D020008555700081D4F0008E0
:1000100051570008C5080008AD6300080000000043
:10002000000000000000000000000000355900083A
:10003000C908000800000000C55700083959000829
:1000400089020008890200088902000800000000F7
:1000500089020008890200088902000800000000E7
:10006000890200088902000800000000CD0800088D
:100070008902000889020008890200088902000834
:100080008902000889020008890200088902000824
:100090008902000889020008890200088902000814
:1000A0008902000889020008890200088902000804
:1000B00089020008890200088902000889020008F4
:1000C00089020008890200088902000889020008E4
:1000D0000000000089020008890200088902000867
:1000E00089020008890200088902000889020008C4
:1000F0008902000889020008890200080000000047
:100100000000000089020008890200088902000836
:100110008902000889020008890200088902000893
:100120008902000889020008890200088902000883
:100130008902000800000000000000008902000899
:10014000890200080000000000000000000000001C
:10015000000000000000000089020008000000000C
:100160000000000000000000890200088902000869
:10017000000000000000000000000000000000007F
:10018000000000000000000000000000000000006F
:10019000000000000000000000000000000000005F
:1001A0000000000000000000890200088902000829
:1001B00089020008890200088902000889020008F3
:1001C0008902000889020008000000000000000009
:1001D000000000000000000000000000890200088C
:1001E000890200080000000000000000000000007C
:1001F00000000000000000000000000000000000FF
:1002000000000000890200088902000800000000C8
:10021000000000008902000800000000000000004B
:10022000000000000000000000000000890200083B
:10023000890200080000000000000000000000002B
:10024000000000000000000000000000890200081B
:100250008902000889020008DFF80CD000F020FBBA
:1002600000480047297B00081041002007488047CC
:1002700007480047FEE7FEE7FEE7FEE7FEE7FEE78A
:10028000FEE7FEE7FEE7FEE7FEE70000095A00088A
:10029000590200082DE9F05F0546002092469B4672
:1002A00088460646814640241BE02846414647468C
:1002B000224600F09FF953465A46C01A914110D386
:1002C00011461846224600F086F92D1A67EB010800
:1002D0004F4622460120002100F07DF917EB00096E
:1002E0004E41201EA4F10104DFDC484631462A4677
:1002F0004346BDE8F09FD2B201E000F8012B491E51
:10030000FBD270470022F6E710B513460A460446B2
:100310001946FFF7F0FF204610BD2DE9FE4F80463D
:1003200081EA0300C00F0C46009021F0004123F049
:100330000045B8EB0200A94105D24046214690464F
:100340001C460B46024623F00040104347D0270DC1
:10035000C7F30A00C3F30A510290401A01904028E3
:100360006BDAC3F3130040F4801B0098924620B16F
:100370000023D2EB030A63EB0B0B01985946C0F143
:100380004002504600F027F906460D4650465946B1
:10039000019A00F03FF910EB08006141002487EA60
:1003A000115284EAE7731A4340D0009A62B3019A6B
:1003B000012A4FEA075215DC001B61EB02014FF0E6
:1003C000004202EA0752CDE90042001C41F58011CB
:1003D00032462B4600F076F903B0BDE8F08F404678
:1003E0002146F9E7001B61EB0201001C41F5801377
:1003F00000185B412018A2F5001747EB030140EA03
:10040000D570B6196D4111E06D084FEA360645EA20
:10041000C0754FEA0752001B61EB0201001C41F559
:10042000801149084FEA30000019514132462B46ED
:1004300003B0BDE8F04F00F036B90098012240004B
:100440000023D0EB020263EBE073009821464FEAF1
:10045000E074B8EB000061EB0401E9E783F00043CE
:100460005BE781F0004158E72DE9FE4F81EA030484
:1004700004F0004421F0004100944FF0000B23F001
:10048000004350EA01045ED052EA03045BD0C3F398
:100490000A54C1F30A552C44A4F2F3340194A0FB8E
:1004A0000254C1F3130141F48011C3F3130343F465
:1004B000801301FB024400FB034E840A970A44EABE
:1004C000815447EA8357A4FB076802958D0A05FB10
:1004D00007854FEA932C04FB0C542705029D4FEA35
:1004E000065847EA1637B5EB08056EEB070C870E82
:1004F000920E47EA811742EA8312A7FB0201B6EB8C
:100500000B0164EB00042B0D43EA0C335E1844EB43
:100510001C50DA465146E7FB0201C5F313044FEACB
:100520000B3343EA14534FEA0432019C43EA0603B7
:10053000A4F10C040294009CCDE900B400F0C2F8D0
:1005400003B0BDE8F08F00200146F9E700F000425B
:1005500030F000400AD0C10D01F56071C0F3160003
:1005600042EA0151C208400711437047002001468A
:10057000704701F0004330B421F0004150EA01021D
:1005800006D00A0DA2F56072C1F31301002A02DC45
:1005900030BC00207047440F44EAC104C100E01899
:1005A00030BC00EBC25000F047B830B50B460146F6
:1005B00000202022012409E021FA02F59D4205D302
:1005C00003FA02F5491B04FA02F52844151EA2F1AC
:1005D0000102F1DC30BD202A04DB203A00FA02F1EE
:1005E000002070479140C2F1200320FA03F3194321
:1005F00090407047202A04DB203A21FA02F00021C3
:10060000704721FA02F3D040C2F120029140084322
:1006100019467047202A06DBCB17203A41FA02F030
:1006200043EAE07306E041FA02F3D040C2F120024F
:1006300091400843194670470029A8BF7047401CE5
:10064000490008BF20F00100704710B4B0FA80FCE8
:1006500000FA0CF050EA010404BF10BC704749B125
:10066000CCF1200421FA04F411FA0CF118BF012195
:1006700021430843A3EB0C01CB1D4FEA00614FEA75
:10068000102042BF002010BC704700EBC350104444
:100690000029A4BF10BC7047401C490008BF20F0CF
:1006A000010010BC704710B5141E73F1000408DA85
:1006B000401C41F1000192185B411A4301D120F026
:1006C000010010BD2DE9F04D92469B4611B1B1FAE3
:1006D00081F202E0B0FA80F220329046FFF77BFF11
:1006E00004460F4640EA0A0041EA0B0153465A46C7
:1006F000084313D0114653EA010019D0C8F1400253
:100700005046FFF777FF05460E465046594642468B
:10071000FFF761FF084305D0012004E02046394679
:10072000BDE8F08D0020054346EAE0762C433743D0
:100730000A986305E40AA0EB08000022FD0A44EAD7
:1007400047540A3002D500200146E9E70105101997
:100750006941DDE9084500196941BDE8F04DA2E7AE
:100760002DE9F04D81EA030404F0004B21F000452F
:1007700014464FF0000A23F0004150EA050220D051
:1007800054EA01021DD0C5F30A570246C5F313030C
:10079000C1F31300C1F30A5640F4801543F48013EB
:1007A000A7EB0608101BD64608F2FD3873EB0500D0
:1007B00002D308F1010801E092185B41B8F1000F83
:1007C00003DA00200146BDE8F08D00204FF48011CF
:1007D000064684460EE0171B73EB050705D3121B74
:1007E00063EB050306434CEA010C49084FEA30006D
:1007F00092185B4150EA0107EDD152EA030012D092
:1008000082EA040083EA0501084305D0101BAB41CE
:1008100006D20122002306E000224FF0004302E04E
:100820006FF0010253101AEB06004CEB085110EB6D
:100830000A0041EB0B01BDE8F04DFFF734BFC1F3F7
:100840000A52C1F3130140F2FF3341F480119A427E
:1008500002DA00200146704740F233439A42A2F286
:10086000334202DC5242FFF7C5BEFFF7B4BE0000C0
:1008700030B5041E71F1000404DB4FF00044404227
:1008800064EB0101141E73F1000405DB1C464FF0FC
:100890000043524263EB0403994208BF904230BDCB
:1008A000064C074D06E0E06840F0010394E80700BD
:1008B00098471034AC42F6D3FFF7D2FCF89000080A
:1008C00018910008FFE7FEE77047000080B582B08E
:1008D0000120019000F02CF8019800F041F802B0DE
:1008E00080BD000072B6FFE7FEE7000080B584B06F
:1008F000039000F0EBF90290039801900198013009
:1009000048B1FFE740F20C00C2F200000178019804
:1009100008440190FFE7FFE700F0D8F90299401A78
:100920000199884201D2FFE7F6E704B080BD0000DC
:1009300081B0ADF80200BDF80200012807D1FFE741
:1009400040F21801C2F2000101200870FFE701B077
:100950007047000081B0ADF8020001B070470000A0
:1009600080B582B0ADF8060042F20C00C4F202403D
:100970000068BDF8061008420CD0FFE7BDF806007D
:1009800042F20C01C4F202410860BDF8060000F01A
:1009900019F8FFE742F21000C4F202400068BDF807
:1009A000061008420CD0FFE7BDF8060042F2100125
:1009B000C4F202410860BDF80600FFF7CBFFFFE775
:1009C00002B080BD81B0ADF8020001B070470000F8
:1009D00085B00490039100200090FFE70398006821
:1009E0000099C840002800F05881FFE7039800688C
:1009F000009A01219140084001900198002800F0E0
:100A00004881FFE703984068022805D0FFE7039874
:100A10004068122828D1FFE7049800996FF003027C
:100A200002EA51010844006A0290009800F00700B1
:100A300081000F2000FA01F1029888430290039888
:100A4000006900F00F00009901F00701890000FA29
:100A500001F102980843029002980499009B02EA6F
:100A6000530211440862FFE704980068029000985E
:100A70004100032000FA01F1029888430290039894
:100A8000406800F003000099490000FA01F1029863
:100A9000084302900298049908600398406801286E
:100AA0000FD0FFE70398406802280AD0FFE70398B9
:100AB0004068112805D0FFE70398406812282FD11D
:100AC000FFE704988068029000984100032000FA34
:100AD00001F10298884302900398C0680099490088
:100AE00000FA01F102980843029002980499886084
:100AF0000498406802900099012000FA01F10298E0
:100B00008843029003984068C0F30010009900FAEF
:100B100001F1029808430290029804994860FFE7A7
:100B200003984068032818D0FFE70498C068029033
:100B300000984100032000FA01F1029888430290D6
:100B4000039880680099490000FA01F1029808436F
:100B5000029002980499C860FFE70398C079C00624
:100B6000002840F19580FFE7009820F0030042F252
:100B70006002C4F2024280580290009800F0030024
:100B8000C1000F2000FA01F10298884302900498F6
:100B90004FF60041CBF6FD510840800A009901F064
:100BA0000301C90000FA01F102980843029002987B
:100BB000009921F00301885042F20000C4F2024083
:100BC0000068029001990298884302900398807906
:100BD000C006002805D5FFE7019902980843029056
:100BE000FFE7029842F20001C4F20241086042F2BB
:100BF0000400C4F202400068029001990298884300
:100C00000290039880798006002805D5FFE70199B6
:100C1000029808430290FFE7029842F20401C4F2EE
:100C20000241086042F28400C4F20240006802906F
:100C300001990298884302900398807980070028E0
:100C400005D5FFE70199029808430290FFE7029853
:100C500042F28401C4F20241086042F28000C4F210
:100C6000024000680290019902988843029003981C
:100C70008079C00728B1FFE70199029808430290E4
:100C8000FFE7029842F28001C4F202410860FFE7E8
:100C9000FFE7009801300090A0E605B07047000023
:100CA00082B00190ADF802108DF801209DF801008E
:100CB00028B1FFE7BDF802000199886104E0BDF8A2
:100CC000020001998862FFE702B0704740F2041009
:100CD000C2F200000068704783B001900091019853
:100CE00090F8410020283BD1FFE7FFE7019890F8FA
:100CF0004000012804D1FFE702208DF80B0033E00B
:100D00000199012081F84000FFE7FFE701992420C5
:100D100081F8410001980168086820F0010008602E
:100D200001980168086820F480500860009A0198D2
:100D3000016808681043086001980168086840F07D
:100D4000010008600199202081F84100FFE7019926
:100D5000002081F84000FFE700208DF80B0003E041
:100D600002208DF80B00FFE79DF80B0003B07047E1
:100D700084B002900191029890F84100202840D15F
:100D8000FFE7FFE7029890F84000012804D1FFE751
:100D900002208DF80F0038E00299012081F8400010
:100DA000FFE7FFE70299242081F8410002980168DB
:100DB000086820F001000860029800680068009050
:100DC000009820F4706000900199009840EA01209A
:100DD0000090009802990968086002980168086804
:100DE00040F0010008600299202081F84100FFE7EF
:100DF0000299002081F84000FFE700208DF80F00E5
:100E000003E002208DF80F00FFE79DF80F0004B00B
:100E10007047000080B582B00090009820B9FFE7CD
:100E200001208DF807007BE0009890F8410040B960
:100E3000FFE70099002081F84000009800F0F4FAE4
:100E4000FFE70099242081F84100009801680868B4
:100E500020F00100086000980168406820F0706090
:100E6000086100980168886820F400408860009854
:100E7000C068012807D1FFE700980168806840F446
:100E80000040886006E000980168806840F40440F3
:100E90008860FFE70098C068022807D1FFE7009844
:100EA0000168486840F40060486006E00098016806
:100EB000486820F400604860FFE7009801684868CF
:100EC00048F20002C0F20022104348600098016816
:100ED000C86820F40040C860009A1168106953691E
:100EE0009269184340EA0220C860009A1168D069EC
:100EF000126A1043086000980168086840F0010019
:100F00000860009900204864009A202182F841106E
:100F100000990863009981F842008DF80700FFE707
:100F20009DF8070002B080BD10B588B084460C98CB
:100F30000B98DDF828E0CDF818C0ADF81610ADF824
:100F40001420ADF81230ADF81000069890F841006A
:100F5000202840F02681FFE70A9820B1FFE7BDF87E
:100F6000100040B9FFE706994FF400704864012073
:100F70008DF81F0019E1FFE7069890F8400001285E
:100F800004D1FFE702208DF81F000EE10699012031
:100F900081F84000FFE7FFE7FFF798FE039006980F
:100FA00003996A4611604FF400410122192304F0AD
:100FB000C1F920B1FFE701208DF81F00F5E0069987
:100FC000222081F841000699402081F842000699CC
:100FD000002048640A99069A5162BDF81010069ADA
:100FE0005185069948630698BDF81610BDF814207F
:100FF000BDF81230DDF830C0039CEE46CEF8044058
:10100000CEF800C004F0ACF850B1FFE7FFE7069956
:10101000002081F84000FFE701208DF81F00C4E0A8
:101020000698408DB0F5807F14D3FFE70699FF2026
:1010300008850698BDF8161090F82820EC4642F274
:101040000043C8F20003CCF800304FF0807304F086
:1010500047F914E00698408D069908850698BDF872
:10106000161090F82820EC4642F20043C8F2000324
:10107000CCF800304FF0007304F032F9FFE7FFE7DF
:1010800006980C9B03996A4611600421002204F023
:1010900051F920B1FFE701208DF81F0085E0069887
:1010A0000068406A0699496A08700699486A0130E2
:1010B00048620699088D013808850699488D0138DF
:1010C00048850698408DE8B3FFE70698008DC8BBB9
:1010D000FFE706980C9B03996A4611608021002265
:1010E00004F028F920B1FFE701208DF81F005CE033
:1010F0000698408DB0F5807F11D3FFE70699FF2059
:1011000008850698BDF8161090F82820EC460023B4
:10111000CCF800304FF0807304F0E2F811E006984C
:10112000408D069908850698BDF8161090F828207D
:10113000EC460023CCF800304FF0007304F0D0F8F8
:10114000FFE7FFE7FFE70698408D002898D1FFE70B
:1011500006980C99039A04F04FF920B1FFE701209B
:101160008DF81F0021E0069801682020C8610699CB
:101170000A6851684EF60003CFF6006319405160CB
:10118000069981F841000699002081F84200FFE7A6
:101190000699002081F84000FFE700208DF81F002D
:1011A00003E002208DF81F00FFE79DF81F0008B044
:1011B00010BD000010B588B084460C980B98DDF87F
:1011C00028E0CDF818C0ADF81610ADF81420ADF831
:1011D0001230ADF81000069890F84100202840F039
:1011E0001B81FFE70A9820B1FFE7BDF8100040B966
:1011F000FFE706994FF40070486401208DF81F0046
:101200000EE1FFE7069890F84000012804D1FFE7BF
:1012100002208DF81F0003E10699012081F84000AB
:10122000FFE7FFE7FFF752FD0390069803996A4630
:1012300011604FF400410122192304F07BF820B122
:10124000FFE701208DF81F00EAE00699212081F8D0
:1012500041000699402081F8420006990020486428
:101260000A99069A5162BDF81010069A518506999E
:1012700048630698BDF81610BDF81420BDF812306A
:10128000DDF830C0039CEE46CEF80440CEF800C036
:1012900003F0C6FF50B1FFE7FFE70699002081F891
:1012A0004000FFE701208DF81F00B9E00698408D4F
:1012B000B0F5807F11D3FFE70699FF2008850698D7
:1012C000BDF8161090F82820EC460023CCF800302A
:1012D0004FF0807304F004F811E00698408D0699F1
:1012E00008850698BDF8161090F82820EC460023D3
:1012F000CCF800304FF0007303F0F2FFFFE7FFE798
:1013000006980C99039A04F0C9F820B1FFE7012070
:101310008DF81F0084E006980168406A00788862B2
:101320000699486A013048620699488D0138488517
:101330000699088D013808850698408DE8B3FFE7C7
:101340000698008DC8BBFFE706980C9B03996A4678
:1013500011608021002203F0EDFF20B1FFE70120A2
:101360008DF81F005CE00698408DB0F5807F11D3AA
:10137000FFE70699FF2008850698BDF8161090F83B
:101380002820EC460023CCF800304FF0807303F0A7
:10139000A7FF11E00698408D069908850698BDF8CC
:1013A000161090F82820EC460023CCF800304FF0BF
:1013B000007303F095FFFFE7FFE7FFE70698408D16
:1013C00000289DD1FFE706980C99039A04F014F8C1
:1013D00020B1FFE701208DF81F0021E00698016889
:1013E0002020C86106990A6851684EF60003CFF6BE
:1013F000006319405160069981F841000699002068
:1014000081F84200FFE70699002081F84000FFE7DD
:1014100000208DF81F0003E002208DF81F00FFE779
:101420009DF81F0008B010BD80B5AAB0299000201B
:101430002890279026902590249002A88821FEF7D6
:1014400061FF2998006845F20041C4F2000188421A
:101450003DD1FFE7002003904FF40051029113901B
:1014600002A801F045FC18B1FFE7FFF73BFAFFE7E0
:10147000FFE740F68C40C4F20240016841F00201EF
:101480000160006800F0020001900198FFE7C020B1
:101490002490122025900020269027900420289048
:1014A00040F20040C4F2022024A9FFF791FAFFE7BE
:1014B00040F69C40C4F20240016841F40011016012
:1014C000006800F4001000900098FFE7FFE72AB0E2
:1014D00080BD000082B0019000208DF8030040F232
:1014E0000040C4F203000068C00720B1FFE70120FC
:1014F0008DF803000AE040F20041C4F203010868DD
:1015000020F00400019A10430860FFE79DF80300F3
:1015100002B0704740F20041C4F20301086840F095
:10152000010008600020704740F20C00C2F2000089
:10153000027840F20411C2F2000108681044086009
:101540007047000080B582B0032000F0D9F802F0A7
:10155000BDFB40F62041C4F20241096801F00F02D0
:1015600049F24C01C0F60001895CC84040F2080114
:10157000C2F200010860042003F00CFA0F2000F012
:1015800011F820B1FFE701208DF8070005E000F019
:1015900093F800208DF80700FFE79DF8070002B0E0
:1015A00080BD000080B586B004900020039040F21A
:1015B0000C00C2F20000007820B9FFE701208DF88E
:1015C000170075E04EF21000CEF2000000684007F0
:1015D000002812D5FFE740F20800C2F200000068C0
:1015E00040F20C01C2F200010A784FF47A71B1FBAB
:1015F000F2F1B0FBF1F0039040E003F03FFA02900B
:101600000298019040B1FFE70198012816D0FFE74A
:101610000198022821D02FE040F20800C2F2000019
:10162000006840F20C01C2F200010A784FF4FA514E
:10163000B1FBF2F1B0FBF1F003901EE040F20C00C0
:10164000C2F2000001784FF47A70B0FBF1F14FF470
:10165000FA40B0FBF1F003900FE040F20C00C2F250
:10166000000001784FF47A70B0FBF1F14FF40040C4
:10167000B0FBF1F0039000E0FFE7FFE7039803F011
:10168000D7F920B1FFE701208DF8170010E0049989
:101690004FF0FF300022009200F01AF800980499F1
:1016A00040F21002C2F2000211608DF81700FFE74D
:1016B0009DF8170006B080BD7047000080B582B06D
:1016C000ADF80600BDF9060004F072FE02B080BD60
:1016D00080B586B0ADF816000491039204F080FE48
:1016E0000290BDF91600019002980499039A04F043
:1016F00033F80146019804F07BFE06B080BD00007F
:1017000080B582B00190019804F094FE02B080BDD3
:1017100089B0089040F63440C4F2024000686FF38C
:101720005F20059040F62840C4F20240016801F0B5
:10173000030107910168C1F305210691006800F0DB
:1017400010000490049840F63841C4F20241096840
:1017500089B2C90800FB01F000EE100AB8EE400A99
:101760008DED020A0698002800F03D81FFE70798FA
:101770000090012808D0FFE70098022830D0FFE74A
:101780000098032849D065E040F60040C4F20240CA
:101790000068C0F3C10149F20000C0F2D030C84077
:1017A00003909DED030AB8EE400A9DED061AB8EECF
:1017B000411A80EE010A9DED051AB8EE411A9DED21
:1017C000022A9FED8F3A82EE032A31EE021AB7EE1B
:1017D000002A31EE021A20EE010A8DED010A65E0C1
:1017E0009DED060AB8EE401A9FED860A80EE010ACA
:1017F0009DED051AB8EE411A9DED022A9FED803A43
:1018000082EE032A31EE021AB7EE002A31EE021AF6
:1018100020EE010A8DED010A48E09DED060AB8EEC2
:10182000401A9FED760A80EE010A9DED051AB8EE8A
:10183000411A9DED022A9FED723A82EE032A31EEA3
:10184000021AB7EE002A31EE021A20EE010A8DEDDF
:10185000010A2BE040F60040C4F202400068C0F3E9
:10186000C10149F20000C0F2D030C84003909DEDA4
:10187000030AB8EE400A9DED061AB8EE411A80EE52
:10188000010A9DED051AB8EE411A9DED022A9FED61
:101890005C3A82EE032A31EE021AB7EE002A31EEEC
:1018A000021A20EE010A8DED010AFFE740F6004022
:1018B000C4F2024000688001002827D5FFE740F607
:1018C0002840C4F202400068C003002819D5FFE791
:1018D0009DED010A40F63440C4F20240006880B237
:1018E000400A01EE100AB8EE411AB7EE002A31EEB6
:1018F000021A80EE010A0898BCEEC00A80ED000AC8
:1019000003E0089900200860FFE703E00899002041
:101910000860FFE740F60040C4F202400068800122
:10192000002827D5FFE740F62840C4F202400068AF
:101930008003002819D5FFE79DED010A40F63440E9
:10194000C4F202400068C0F3064001EE100AB8EE8F
:10195000411AB7EE002A31EE021A80EE010A089809
:10196000BCEEC00A80ED010A03E00899002048603F
:10197000FFE703E0089900204860FFE740F60040D9
:10198000C4F2024000688001002827D5FFE740F636
:101990002840C4F2024000684003002819D5FFE740
:1019A0009DED010A40F63440C4F202400068C0F3E5
:1019B000066001EE100AB8EE411AB7EE002A31EEC9
:1019C000021A80EE010A0898BCEEC00A80ED020AF5
:1019D00003E0089900208860FFE703E008990020F1
:1019E0008860FFE707E008990020086008994860D0
:1019F00008998860FFE709B0704700BF20BCBE4B64
:101A0000000000460024744A89B0089040F63C402B
:101A1000C4F2024000686FF35F20059040F62C404E
:101A2000C4F20240016801F0030107910168C1F3AB
:101A300005210691006800F010000490049840F61B
:101A40004041C4F20241096889B2C90800FB01F0B3
:101A500000EE100AB8EE400A8DED020A0698002842
:101A600000F03D81FFE707980090012808D0FFE7CC
:101A70000098022830D0FFE70098032849D065E09D
:101A800040F60040C4F202400068C0F3C10149F2D0
:101A90000000C0F2D030C84003909DED030AB8EEBC
:101AA000400A9DED061AB8EE411A80EE010A9DED3E
:101AB000051AB8EE411A9DED022A9FED8F3A82EE8B
:101AC000032A31EE021AB7EE002A31EE021A20EE96
:101AD000010A8DED010A65E09DED060AB8EE401A97
:101AE0009FED860A80EE010A9DED051AB8EE411AB7
:101AF0009DED022A9FED803A82EE032A31EE021A12
:101B0000B7EE002A31EE021A20EE010A8DED010A2D
:101B100048E09DED060AB8EE401A9FED760A80EE89
:101B2000010A9DED051AB8EE411A9DED022A9FEDBE
:101B3000723A82EE032A31EE021AB7EE002A31EE33
:101B4000021A20EE010A8DED010A2BE040F600405A
:101B5000C4F202400068C0F3C10149F20000C0F2C3
:101B6000D030C84003909DED030AB8EE400A9DEDC9
:101B7000061AB8EE411A80EE010A9DED051AB8EE7C
:101B8000411A9DED022A9FED5C3A82EE032A31EE66
:101B9000021AB7EE002A31EE021A20EE010A8DED8C
:101BA000010AFFE740F60040C4F20240006800016D
:101BB000002827D5FFE740F62C40C4F20240006819
:101BC000C003002819D5FFE79DED010A40F63C400F
:101BD000C4F20240006880B2400A01EE100AB8EE7A
:101BE000411AB7EE002A31EE021A80EE010A089877
:101BF000BCEEC00A80ED000A03E0089900200860EE
:101C0000FFE703E0089900200860FFE740F6004086
:101C1000C4F2024000680001002827D5FFE740F623
:101C20002C40C4F2024000688003002819D5FFE769
:101C30009DED010A40F63C40C4F202400068C0F34A
:101C4000064001EE100AB8EE411AB7EE002A31EE56
:101C5000021A80EE010A0898BCEEC00A80ED010A63
:101C600003E0089900204860FFE703E0089900209E
:101C70004860FFE740F60040C4F2024000680001FF
:101C8000002827D5FFE740F62C40C4F20240006848
:101C90004003002819D5FFE79DED010A40F63C40BE
:101CA000C4F202400068C0F3066001EE100AB8EE0C
:101CB000411AB7EE002A31EE021A80EE010A0898A6
:101CC000BCEEC00A80ED020A03E00899002088609B
:101CD000FFE703E0089900208860FFE707E0089924
:101CE000002008600899486008998860FFE709B0FB
:101CF000704700BF20BCBE4B000000460024744A61
:101D000080B592B0119110901098119980F00070E8
:101D1000084300285BD1FFE740F6F040C4F20240E0
:101D2000016801F44071079100688007002809D517
:101D3000FFE70798B0F5807F04D1FFE74FF400403C
:101D4000099042E040F6F040C4F202400068000111
:101D5000002809D5FFE70798B0F5007F04D1FFE719
:101D60004FF4FA4009902FE040F60040C4F20240E0
:101D700000688003002823D5FFE70798B0F5407F6F
:101D80001ED1FFE740F61C40C4F20240006800F498
:101D90007C50B0F5007F0FD3FFE740F61C40C4F243
:101DA00002400068C0F3052147F64000C0F27D10F4
:101DB000B0FBF1F0099002E000200990FFE702E09B
:101DC00000200990FFE7FFE7FFE700F08EBF1098C3
:101DD00005901199069180F001000843002800F059
:101DE0009B80FFE70699059880F0020008430028D1
:101DF00000F0FC80FFE70699059880F00400084396
:101E0000002800F05D81FFE70699059880F4805076
:101E10000843002800F0C081FFE70699059880F488
:101E200000500843002800F0B782FFE706990598A4
:101E300080F480400843002800F00083FFE7069903
:101E4000059880F480300843002800F04983FFE7BC
:101E50000699059880F400300843002800F0B98303
:101E6000FFE70699059880F480200843002800F0D9
:101E70005084FFE70699059880F400100843002875
:101E800000F0EF81FFE70699059880F08060084335
:101E9000002800F09286FFE70699059880F0006020
:101EA0000843002800F00B85FFE70699059880F0AD
:101EB00080500843002800F07A85FFE706990598CE
:101EC00080F000500843002800F0F885FFE70598EF
:101ED000069981F004010843002800F0BA84FFE766
:101EE0000598069981F010010843002800F0BB8690
:101EF000FFE70598069981F400710843002800F077
:101F00001C82FFE70598069981F480510843002858
:101F100000F0238300F0E5BE40F6D840C4F2024052
:101F2000006800F007000790079820B9FFE701F06C
:101F3000A5FE099058E040F60040C4F20240006857
:101F4000000100280AD5FFE70798012806D1FFE71E
:101F50000AA8FFF759FD0B98099044E040F60040AD
:101F6000C4F2024000688007002812D5FFE70798F6
:101F700003280ED1FFE740F60040C4F2024000689B
:101F8000C0F3C10149F20000C0F2D030C84009904E
:101F900028E040F60040C4F20240006880050028B6
:101FA0000AD5FFE70798042806D1FFE740F600109E
:101FB000C0F23D00099014E040F6F040C4F2024047
:101FC00000688007002808D5FFE70798052804D196
:101FD000FFE74FF40040099002E000200990FFE77E
:101FE000FFE7FFE7FFE7FFE700F07EBE40F6D840DF
:101FF000C4F20240006800F038000790079820B94A
:10200000FFE701F027FE099058E040F60040C4F2D7
:1020100002400068000100280AD5FFE70798082859
:1020200006D1FFE70AA8FFF7EFFC0B98099044E000
:1020300040F60040C4F2024000688007002812D534
:10204000FFE7079818280ED1FFE740F60040C4F2DA
:1020500002400068C0F3C10149F20000C0F2D03074
:10206000C840099028E040F60040C4F202400068F1
:10207000800500280AD5FFE70798202806D1FFE74A
:1020800040F60010C0F23D00099014E040F6F04028
:10209000C4F2024000688007002808D5FFE70798CF
:1020A000282804D1FFE74FF40040099002E0002007
:1020B0000990FFE7FFE7FFE7FFE7FFE700F014BE47
:1020C00040F6D840C4F20240006800F4E070079087
:1020D000079820B9FFE701F0BDFD09905AE040F6EE
:1020E0000040C4F202400068000100280AD5FFE762
:1020F0000798402806D1FFE70AA8FFF785FC0B9850
:10210000099046E040F60040C4F2024000688007B3
:10211000002812D5FFE70798C0280ED1FFE740F648
:102120000040C4F202400068C0F3C10149F200005F
:10213000C0F2D030C84009902AE040F60040C4F216
:1021400002400068800500280BD5FFE70798B0F52E
:10215000807F06D1FFE740F60010C0F23D000990F5
:1021600015E040F6F040C4F2024000688007002805
:1021700009D5FFE70798B0F5A07F04D1FFE74FF43A
:102180000040099002E000200990FFE7FFE7FFE729
:10219000FFE7FFE700F0A8BD40F6E040C4F20240D0
:1021A000006800F0E0600790079820B9FFE701F0B1
:1021B00079FD099053E00798B0F1807F06D1FFE7E1
:1021C0000AA8FFF721FC0B98099047E040F6004071
:1021D000C4F2024000688007002813D5FFE7079883
:1021E000B0F1407F0ED1FFE740F60040C4F202405C
:1021F0000068C0F3C10149F20000C0F2D030C8400D
:1022000009902AE040F60040C4F2024000688005D0
:1022100000280BD5FFE70798B0F1806F06D1FFE7E4
:1022200040F60010C0F23D00099015E040F6F04085
:10223000C4F2024000688007002809D5FFE707982C
:10224000B0F1A06F04D1FFE74FF40040099002E025
:1022500000200990FFE7FFE7FFE7FFE7FFE700F057
:1022600043BD40F6E840C4F20240006800F00700B9
:102270000790079820B9FFE701F0D2FC09905AE0D7
:102280000798012804D1FFE701F020FD099051E0F3
:102290000798022806D1FFE70AA8FFF7B5FB0C98BC
:1022A000099046E040F60040C4F202400068800316
:1022B00000280AD5FFE70798032806D1FFE747F66D
:1022C0004000C0F27D10099032E040F60040C4F2B8
:1022D000024000688007002812D5FFE7079804280D
:1022E0000ED1FFE740F60040C4F202400068C0F3A0
:1022F000C10149F20000C0F2D030C840099016E098
:1023000040F60040C4F202400068800500280AD56B
:10231000FFE70798052806D1FFE740F60010C0F256
:102320003D00099002E000200990FFE7FFE7FFE78A
:10233000FFE7FFE7FFE700F0D7BC40F6E840C4F254
:102340000240006800F00800079040F6F040C4F238
:10235000024000688007002807D5FFE7079820B9EA
:10236000FFE74FF40040099014E040F6F040C4F25B
:10237000024000680001002808D5FFE707980828F8
:1023800004D1FFE74FF4FA40099002E000200990E1
:10239000FFE7FFE700F0A8BC40F6E440C4F20240CB
:1023A000006800F440300790079820B9FFE701F07B
:1023B00051FC099040E00798B0F5803F06D1FFE757
:1023C0000AA8FFF721FB0C98099034E040F6004082
:1023D000C4F2024000688007002813D5FFE7079881
:1023E000B0F5003F0ED1FFE740F60040C4F20240D6
:1023F0000068C0F3C10149F20000C0F2D030C8400B
:10240000099017E040F60040C4F2024000688005E1
:1024100000280BD5FFE70798B0F5403F06D1FFE74E
:1024200040F60010C0F23D00099002E00020099043
:10243000FFE7FFE7FFE7FFE700F056BC40F6E440A8
:10244000C4F20240006800F440200790079820B9C9
:10245000FFE701F0FFFB099040E00798B0F5802FFF
:1024600006D1FFE70AA8FFF7CFFA0C98099034E0ED
:1024700040F60040C4F2024000688007002813D5EF
:10248000FFE70798B0F5002F0ED1FFE740F60040B8
:10249000C4F202400068C0F3C10149F20000C0F27A
:1024A000D030C840099017E040F60040C4F2024026
:1024B0000068800500280BD5FFE70798B0F5402F8E
:1024C00006D1FFE740F60010C0F23D00099002E09F
:1024D00000200990FFE7FFE7FFE7FFE700F004BCFB
:1024E00040F6E440C4F20240006800F040700790FB
:1024F000079820B9FFE701F0ADFB09902BE00798A2
:10250000B0F1807F06D1FFE70AA8FFF77DFA0C98AB
:1025100009901FE040F60040C4F2024000688007C6
:10252000002813D5FFE70798B0F1007F0ED1FFE731
:1025300040F60040C4F202400068C0F3C10149F215
:102540000000C0F2D030C840099002E0002009909D
:10255000FFE7FFE7FFE700F0C7BB40F6E440C4F247
:102560000240006800F040600790079820B9FFE73C
:1025700001F098FB09902BE00798B0F1806F06D12D
:10258000FFE70AA8FFF740FA0C9809901FE040F611
:102590000040C4F2024000688007002813D5FFE71E
:1025A0000798B0F1006F0ED1FFE740F60040C4F28B
:1025B00002400068C0F3C10149F20000C0F2D0300F
:1025C000C840099002E000200990FFE7FFE7FFE71D
:1025D0008AE340F6DC40C4F20240006800F4E060A8
:1025E000079007980490A0B1FFE70498B0F5807FAA
:1025F00013D0FFE70498B0F5407F14D0FFE70498AC
:10260000B0F5806F20D0FFE70498B0F5A06F2CD014
:102610007BE001F047FB09907AE00AA8FFF7F4F9A4
:102620000A98099074E040F6F040C4F20240006855
:102630008007002804D5FFE74FF40040099002E02E
:1026400000200990FFE763E040F6F040C4F202404A
:1026500000680001002804D5FFE74FF4FA40099014
:1026600002E000200990FFE752E040F6E840C4F2A3
:102670000240006800F04040089040F60040C4F27C
:10268000024000688007002811D5FFE7089870B95C
:10269000FFE740F60040C4F202400068C0F3C10109
:1026A00049F20000C0F2D030C84009902CE040F65A
:1026B0000040C4F202400068800500280BD5FFE707
:1026C0000898B0F1804F06D1FFE740F60010C0F245
:1026D0003D00099017E040F60040C4F20240006857
:1026E000800300280BD5FFE70898B0F1004F06D112
:1026F000FFE747F64000C0F27D10099002E000209D
:102700000990FFE7FFE7FFE702E000200990FFE7FD
:10271000EAE240F6DC40C4F20240006800F4E04027
:10272000079007980390A0B1FFE70398B0F5805F8A
:1027300013D0FFE70398B0F5405F14D0FFE703988C
:10274000B0F5804F20D0FFE70398B0F5A04F2CD014
:102750007BE001F07FFA09907AE00AA8FFF754F9CC
:102760000A98099074E040F6F040C4F20240006814
:102770008007002804D5FFE74FF40040099002E0ED
:1027800000200990FFE763E040F6F040C4F2024009
:1027900000680001002804D5FFE74FF4FA400990D3
:1027A00002E000200990FFE752E040F6E840C4F262
:1027B0000240006800F04040089040F60040C4F23B
:1027C000024000688007002811D5FFE7089870B91B
:1027D000FFE740F60040C4F202400068C0F3C101C8
:1027E00049F20000C0F2D030C84009902CE040F619
:1027F0000040C4F202400068800500280BD5FFE7C6
:102800000898B0F1804F06D1FFE740F60010C0F203
:102810003D00099017E040F60040C4F20240006815
:10282000800300280BD5FFE70898B0F1004F06D1D0
:10283000FFE747F64000C0F27D10099002E000205B
:102840000990FFE7FFE7FFE702E000200990FFE7BC
:102850004AE240F6E840C4F20240006800F44070EA
:10286000079040F60040C4F2024000688003002850
:1028700009D5FFE7079830B9FFE747F64000C0F2F7
:102880007D1009901AE00798B0F5807F06D1FFE728
:102890000DA8FEF73DFF0E9809900EE00798B0F5E1
:1028A000007F06D1FFE70AA8FFF7AEF80B98099062
:1028B00002E000200990FFE7FFE7FFE714E240F69F
:1028C000E040C4F20240006800F00700079007985B
:1028D0000290042867D80299DFE801F00309650F28
:1028E00015000DA8FEF714FF0E9809905EE00AA8E7
:1028F000FFF78AF80A98099058E048F20000C0F201
:10290000BB00099052E040F6E840C4F20240006883
:1029100000F04040089040F60040C4F202400068D9
:102920008007002811D5FFE7089870B9FFE740F647
:102930000040C4F202400068C0F3C10149F2000047
:10294000C0F2D030C84009902CE040F60040C4F2FC
:1029500002400068800500280BD5FFE70898B0F119
:10296000804F06D1FFE740F60010C0F23D0009900D
:1029700017E040F60040C4F20240006880030028DF
:102980000BD5FFE70898B0F1004F06D1FFE747F6F7
:102990004000C0F27D10099002E000200990FFE79E
:1029A000FFE7FFE702E000200990FFE79CE140F627
:1029B000E040C4F20240006800F038000790079839
:1029C0000190202800F276800199DFE801F0117370
:1029D0007373737373731773737373737373737323
:1029E0007373737373731D737373737373732300D0
:1029F0000DA8FEF78DFE0E9809905EE00AA8FFF77D
:102A000003F80A98099058E048F20000C0F2BB00B1
:102A1000099052E040F6E840C4F20240006800F03D
:102A20004040089040F60040C4F202400068800731
:102A3000002811D5FFE7089870B9FFE740F600407D
:102A4000C4F202400068C0F3C10149F20000C0F2C4
:102A5000D030C84009902CE040F60040C4F202405B
:102A60000068800500280BD5FFE70898B0F1804F7B
:102A700006D1FFE740F60010C0F23D00099017E0D4
:102A800040F60040C4F202400068800300280BD5E5
:102A9000FFE70898B0F1004F06D1FFE747F6400086
:102AA000C0F27D10099002E000200990FFE7FFE7E7
:102AB000FFE702E000200990FFE715E140F6E04063
:102AC000C4F20240006800F4E0700790079800909C
:102AD00068B1FFE7009840280FD0FFE70098C028B2
:102AE00011D0FFE70098B0F5807F12D061E00DA80B
:102AF000FEF70EFE0E9809905EE00AA8FEF784FF2E
:102B00000A98099058E048F20000C0F2BB00099012
:102B100052E040F6E840C4F20240006800F0404055
:102B2000089040F60040C4F2024000688007002888
:102B300011D5FFE7089870B9FFE740F60040C4F2EE
:102B400002400068C0F3C10149F20000C0F2D03079
:102B5000C84009902CE040F60040C4F202400068F2
:102B6000800500280BD5FFE70898B0F1804F06D10B
:102B7000FFE740F60010C0F23D00099017E040F674
:102B80000040C4F202400068800300280BD5FFE734
:102B90000898B0F1004F06D1FFE747F64000C0F2B9
:102BA0007D10099002E000200990FFE7FFE7FFE7B2
:102BB00002E000200990FFE796E040F6E840C4F20A
:102BC0000240006800F03000079040F60040C4F278
:102BD000024000688004002809D5FFE7079830B953
:102BE000FFE746F60040C0F2DC2009903AE040F6EC
:102BF0000040C4F202400068800100280AD5FFE7C7
:102C00000798102806D1FFE70DA8FEF781FD0E9862
:102C1000099026E040F6F040C4F2024000688007C8
:102C2000002808D5FFE70798202804D1FFE74FF4D4
:102C30000040099014E040F6F040C4F20240006801
:102C40000001002808D5FFE70798302804D1FFE7E6
:102C50004FF4FA40099002E000200990FFE7FFE7F7
:102C6000FFE7FFE740E040F6E440C4F202400068BE
:102C700000F0300007900798102806D1FFE70DA854
:102C8000FEF746FD0E9809902EE040F60040C4F293
:102C900002400068000100280AD5FFE707982028B5
:102CA00006D1FFE70AA8FEF7AFFE0B98099016E0E1
:102CB00040F60040C4F202400068800400280AD5B3
:102CC000FFE70798302806D1FFE746F60040C0F23C
:102CD000DC20099002E000200990FFE7FFE7FFE712
:102CE00002E000200990FFE7FFE7099812B080BDDD
:102CF00080B596B0159000208DF84B008DF84A00F5
:102D00001598C078C00760B1FFE740F6E841C4F20B
:102D10000241086820F04040159A126B1043086089
:102D2000FFE715980068C00780B3FFE71598406B70
:102D30001190052810D81199DFE801F003040E0B5B
:102D40000C0D0DE01598083002F03EFD8DF84B009B
:102D500006E005E004E003E001208DF84B00FFE70A
:102D60009DF84B0060B9FFE740F6D841C4F202413C
:102D7000086820F00700159A526B1043086004E0C1
:102D80009DF84B008DF84A00FFE7FFE715980078A3
:102D90008007002840F14380FFE71598806B109072
:102DA000282822D81099DFE801F0152020202020C3
:102DB000202016202020202020202020202020201D
:102DC00020201D202020202020201E202020202008
:102DD00020201F000DE01598083002F0F5FC8DF85A
:102DE0004B0006E005E004E003E001208DF84B0015
:102DF000FFE79DF84B0060B9FFE740F6D841C4F209
:102E00000241086820F03800159A926B1043086060
:102E100004E09DF84B008DF84A00FFE7FFE71598A6
:102E20000078400700283CD5FFE71598C06B0F904D
:102E300090B1FFE70F9840280FD0FFE70F98C02808
:102E400012D0FFE70F98B0F5807F0ED0FFE70F9804
:102E5000B0F5A07F0AD00AE00DE01598083002F026
:102E6000B3FC8DF84B0006E005E004E003E0012030
:102E70008DF84B00FFE79DF84B0060B9FFE740F687
:102E8000D841C4F20241086820F4E070159AD26B70
:102E90001043086004E09DF84B008DF84A00FFE7FE
:102EA000FFE715984078C00600283ED5FFE7159843
:102EB000006C0E90A0B1FFE70E98B0F1807F10D0AB
:102EC000FFE70E98B0F1407F12D0FFE70E98B0F107
:102ED000806F0ED0FFE70E98B0F1A06F0AD00AE025
:102EE0000DE01598083002F06FFC8DF84B0006E0FD
:102EF00005E004E003E001208DF84B00FFE79DF8BA
:102F00004B0060B9FFE740F6E041C4F202410868B7
:102F100020F0E060159A126C1043086004E09DF800
:102F20004B008DF84A00FFE7FFE7159840788006D0
:102F3000002838D5FFE71598406C0D9078B1FFE771
:102F40000D98B0F5803F0BD0FFE70D98B0F5003F2E
:102F50000DD0FFE70D98B0F5403F09D009E00CE037
:102F60001598083002F030FC8DF84B0005E004E0C5
:102F700003E001208DF84B00FFE79DF84B0060B99E
:102F8000FFE740F6E441C4F20241086820F4403013
:102F9000159A526C1043086004E09DF84B008DF8C0
:102FA0004A00FFE7FFE7159840784006002838D52B
:102FB000FFE71598806C0C9078B1FFE70C98B0F59E
:102FC000802F0BD0FFE70C98B0F5002F0DD0FFE756
:102FD0000C98B0F5402F09D009E00CE015980830A6
:102FE00002F0F2FB8DF84B0005E004E003E0012065
:102FF0008DF84B00FFE79DF84B0060B9FFE740F606
:10300000E441C4F20241086820F44020159A926C11
:103010001043086004E09DF84B008DF84A00FFE77C
:10302000FFE715988078C00790B3FFE71598C06C4C
:103030000B9050B1FFE70B98B0F1807F06D0FFE70F
:103040000B98B0F1007F08D008E00BE0159808302D
:1030500002F0BAFB8DF84B0004E003E001208DF88C
:103060004B00FFE79DF84B0060B9FFE740F6E441F5
:10307000C4F20241086820F04070159AD26C1043E7
:10308000086004E09DF84B008DF84A00FFE7FFE779
:1030900015984079C006002832D5FFE71598006DD5
:1030A0000A9050B1FFE70A98B0F1806F06D0FFE7B1
:1030B0000A98B0F1006F08D008E00BE015980830CE
:1030C00002F082FB8DF84B0004E003E001208DF854
:1030D0004B00FFE79DF84B0060B9FFE740F6E44185
:1030E000C4F20241086820F04060159A126D104346
:1030F000086004E09DF84B008DF84A00FFE7FFE709
:10310000159840790007002811D5FFE7FFE740F642
:103110001C41C4F20241086820F400400860159880
:10312000D0F88020086810430860FFE7FFE7159893
:103130008078800700283ED5FFE71598406D0990FC
:10314000A0B1FFE70998B0F5807F10D0FFE709989C
:10315000B0F5407F12D0FFE70998B0F5806F0ED030
:10316000FFE70998B0F5A06F0AD00AE00DE01598C6
:10317000083002F029FB8DF84B0006E005E004E082
:1031800003E001208DF84B00FFE79DF84B0060B98C
:10319000FFE740F6DC41C4F20241086820F4E06039
:1031A000159A526D1043086004E09DF84B008DF8AD
:1031B0004A00FFE7FFE715988078400700283ED5D2
:1031C000FFE71598806D0890A0B1FFE70898B0F56B
:1031D000805F10D0FFE70898B0F5405F12D0FFE79E
:1031E0000898B0F5804F0ED0FFE70898B0F5A04FD3
:1031F0000AD00AE00DE01598083002F0E5FA8DF8E3
:103200004B0006E005E004E003E001208DF84B00F0
:10321000FFE79DF84B0060B9FFE740F6DC41C4F2E0
:103220000241086820F4E040159A926D104308604E
:1032300004E09DF84B008DF84A00FFE7FFE7159882
:1032400080788006002832D5FFE71598406E0790F9
:10325000022809D3FFE70798022806D0FFE707985E
:103260000338032808D308E00BE01598083002F073
:10327000ABFA8DF84B0004E003E001208DF84B0021
:10328000FFE79DF84B0060B9FFE740F6E841C4F264
:103290000241086820F00700159A526E104308603A
:1032A00004E09DF84B008DF84A00FFE7FFE7159812
:1032B00040798007002825D5FFE71598806E069095
:1032C00020B1FFE70698082801D001E004E003E000
:1032D00001208DF84B00FFE79DF84B0060B9FFE738
:1032E00040F6E841C4F20241086820F00800159A4F
:1032F000926E1043086004E09DF84B008DF84A0080
:10330000FFE7FFE71598C0788007002840F1B180FB
:10331000FFE740F62401C4F20241086840F00100D2
:103320000860FDF7D3FC1390FFE740F62400C4F2D9
:1033300002400068C00760B9FFE7FDF7C7FC1399BA
:10334000401A032804D3FFE703208DF84B0000E068
:10335000EBE79DF84B00002840F08580FFE740F642
:10336000F040C4F20240006800F4407014901498D9
:10337000C8B1FFE714981599896F884213D0FFE709
:1033800040F6F041C4F20241086820F44070149005
:10339000086840F480300860086820F480300860D5
:1033A00014980860FFE79DF85000C007E0B1FFE700
:1033B000FDF78CFC1390FFE740F6F040C4F20240AA
:1033C0000068800700280ED4FFE7FDF77FFC139903
:1033D000401A41F28931884204D3FFE703208DF877
:1033E0004B0000E0E8E7FFE79DF84B00A8BBFFE7D4
:1033F000FFE71598806F00F44070B0F5407F12D160
:10340000FFE740F61C41C4F20241086820F47C50FA
:10341000159A926F4FF6F043C0F6FF731A4040EAD8
:103420001210086008E040F61C41C4F2024108682E
:1034300020F47C500860FFE740F6F041C4F20241FE
:10344000086820F4407008601598826F6FF31F328F
:10345000086810430860FFE704E09DF84B008DF812
:103460004A00FFE704E09DF84B008DF84A00FFE7B3
:10347000FFE71598C0784007002837D5FFE7159873
:10348000006E059060B1FFE70598102809D0FFE7AE
:10349000059820280ED0FFE7059830280BD00BE0C8
:1034A0000EE040F62841C4F20241086840F40030C2
:1034B000086005E004E003E001208DF84B00FFE721
:1034C0009DF84B0060B9FFE740F6E841C4F20241C5
:1034D000086820F03000159A126E1043086004E06E
:1034E0009DF84B008DF84A00FFE7FFE71598C0787C
:1034F0000007002837D5FFE71598C06E0490042810
:1035000017D80499DFE801F0030C1513140040F6F6
:103510002841C4F20241086840F4003008600CE021
:103520001598083002F050F98DF84B0005E004E0E2
:1035300003E001208DF84B00FFE79DF84B0060B9D8
:10354000FFE740F6E041C4F20241086820F00700BE
:10355000159AD26E1043086004E09DF84B008DF878
:103560004A00FFE7FFE71598C078C006002845D558
:10357000FFE71598006F0390202825D80399DFE80E
:1035800001F011232323232323231A23232323237B
:1035900023232323232323232323212323232323FD
:1035A0002323220040F62841C4F20241086840F477
:1035B000003008600CE01598083002F005F98DF82D
:1035C0004B0005E004E003E001208DF84B00FFE72D
:1035D0009DF84B0060B9FFE740F6E041C4F20241BC
:1035E000086820F03800159A126F1043086004E054
:1035F0009DF84B008DF84A00FFE7FFE71598C0786B
:10360000800600283ED5FFE71598406F029068B10C
:10361000FFE70298402812D0FFE70298C02815D093
:10362000FFE70298B0F5807F11D011E040F6284105
:10363000C4F20241086840F4003008600CE01598BC
:10364000083002F0C1F88DF84B0005E004E003E01B
:1036500001208DF84B00FFE79DF84B0060B9FFE7B4
:1036600040F6E041C4F20241086820F4E070159A87
:10367000526F1043086004E09DF84B008DF84A003B
:10368000FFE7FFE715980079400700283AD5FFE7E4
:103690001598C06D019050B1FFE70198B0F5807F9B
:1036A00006D0FFE70198B0F5007F0AD010E013E0E4
:1036B00040F62841C4F20241086840F40030086036
:1036C0000AE01598083002F07FF88DF84B0003E00F
:1036D00001208DF84B00FFE79DF84B0060B9FFE734
:1036E00040F6E841C4F20241086820F44070159A9F
:1036F000D26D1043086004E09DF84B008DF84A003D
:10370000FFE7FFE715980079C006002839D5FFE7E5
:103710001598C06F0090102808D0FFE70098202867
:103720000DD0FFE70098302810D010E040F6284177
:10373000C4F20241086840F4003008600BE01598BC
:10374000083002F041F88DF84B0004E003E001205E
:103750008DF84B00FFE79DF84B0060B9FFE740F69E
:10376000E441C4F20241086820F03000159AD26F9B
:103770001043086004E09DF84B008DF84A00FFE715
:10378000FFE79DF84A0016B080BD000080B586B006
:1037900004900391049820B9FFE701208DF81700E9
:1037A0003AE2039842F20001C4F20201096801F012
:1037B0000F01884216D9FFE742F20000C4F202006E
:1037C000016821F00F01039A11430160006800F0C5
:1037D0000F000399884204D0FFE701208DF81700FD
:1037E0001AE2FFE704980078C00600281BD5FFE71F
:1037F0000498406940F62041C4F20241096801F48E
:10380000E041B0EB112F0DD9FFE740F62041C4F2A3
:103810000241086820F4E040049A526940EA02201C
:103820000860FFE7FFE704980078000700281BD531
:10383000FFE70498006940F62041C4F2024109689C
:1038400001F4E061B0EB111F0DD9FFE740F6204114
:10385000C4F20241086820F4E060049A126940EA68
:1038600002100860FFE7FFE704980078400700288F
:1038700019D5FFE70498C06840F62041C4F2024120
:10388000096801F0700188420CD9FFE740F6204139
:10389000C4F20241086820F07000049AD268104314
:1038A0000860FFE7FFE7049800788007002819D533
:1038B000FFE70498806840F62041C4F2024109689D
:1038C00001F00F0188420CD9FFE740F62041C4F215
:1038D0000241086820F00F00049A926810430860C3
:1038E000FFE7FFE704980078C007002800F0D180C8
:1038F000FFE70498406803280ED1FFE740F6004038
:10390000C4F2024000688001002804D4FFE70120CF
:103910008DF8170080E135E00498406802280ED148
:10392000FFE740F60040C4F2024000688003002830
:1039300004D4FFE701208DF817006DE121E0049821
:10394000406801280ED1FFE740F60040C4F2024073
:1039500000688005002804D4FFE701208DF81700D7
:103960005AE10DE040F60040C4F2024000688007D2
:10397000002804D4FFE701208DF817004CE1FFE791
:10398000FFE7FFE740F61C41C4F20241086820F05F
:103990000300049A526810430860FDF797F90190FC
:1039A0000498406803281AD1FFE7FFE740F61C405F
:1039B000C4F20240006800F0180018280ED0FFE79B
:1039C000FDF784F90199401A41F28931884204D304
:1039D000FFE703208DF817001EE1E7E758E00498A1
:1039E000406802281AD1FFE7FFE740F61C40C4F206
:1039F0000240006800F0180010280ED0FFE7FDF725
:103A000065F90199401A41F28931884204D3FFE7F0
:103A100003208DF81700FFE0E7E738E004984068DE
:103A200001281AD1FFE7FFE740F61C40C4F202402C
:103A3000006800F0180008280ED0FFE7FDF746F9EF
:103A40000199401A41F28931884204D3FFE70320EB
:103A50008DF81700E0E0E7E718E0FFE740F61C40CC
:103A6000C4F20240006810F0180F0ED0FFE7FDF717
:103A70002DF90199401A41F28931884204D3FFE7B8
:103A800003208DF81700C7E0E8E7FFE7FFE7FFE74F
:103A9000FFE7049800788007002819D5FFE704980D
:103AA000806840F62041C4F20241096801F00F012C
:103AB00088420CD2FFE740F62041C4F20241086878
:103AC00020F00F00049A926810430860FFE7FFE7B8
:103AD000039842F20001C4F20201096801F00F01EB
:103AE000884216D2FFE742F20000C4F202000168E9
:103AF00021F00F01039A11430160006800F00F00EC
:103B00000399884204D0FFE701208DF8170083E075
:103B1000FFE7049800784007002819D5FFE70498CC
:103B2000C06840F62041C4F20241096801F070010A
:103B300088420CD2FFE740F62041C4F202410868F7
:103B400020F07000049AD26810430860FFE7FFE796
:103B500004980078000700281BD5FFE70498006947
:103B600040F62041C4F20241096801F4E061B0EB83
:103B7000111F0DD2FFE740F62041C4F20241086850
:103B800020F4E060049A126940EA02100860FFE73E
:103B9000FFE704980078C00600281BD5FFE70498CB
:103BA000406940F62041C4F20241096801F4E04155
:103BB000B0EB112F0DD2FFE740F62041C4F20241D5
:103BC000086820F4E040049A526940EA0220086044
:103BD000FFE7FFE700F07AF840F62041C4F2024127
:103BE000096801F00F0249F24C01C0F60001895C3E
:103BF000C84040F20801C2F20001086040F2100023
:103C0000C2F200000068FDF7CDFC8DF80B009DF8B6
:103C10000B008DF81700FFE79DF8170006B080BD78
:103C200080B500F053F840F62041C4F20241096823
:103C300001F00F0249F24C01C0F60001895C01F06D
:103C40001F0120FA01F140F20800C2F200000160F9
:103C5000006880BD80B5FFF7E3FF40F62041C4F265
:103C600002410968C1F3021249F25C01C0F6000189
:103C7000895C01F01F01C84080BD000080B5FFF7DE
:103C8000CFFF40F62041C4F202410968C1F302228D
:103C900049F25C01C0F60001895C01F01F01C840D7
:103CA00080BD000080B5FFF7BBFF40F62041C4F2A5
:103CB00002410968C1F3023249F25C01C0F6000119
:103CC000895C01F01F01C84080BD000089B040F64A
:103CD0001C40C4F20240006800F01800082806D119
:103CE000FFE740F60010C0F23D00049048E140F6C6
:103CF0001C40C4F20240006810F0180F21D1FFE709
:103D000040F60040C4F20240006800F020010020AC
:103D1000B0EB511F0ED0FFE740F60040C4F2024066
:103D20000068C0F3C10149F20000C0F2D030C840C1
:103D3000049005E049F20000C0F2D0300490FFE7A3
:103D40001DE140F61C40C4F20240006800F018007B
:103D5000102806D1FFE747F64000C0F27D1004901E
:103D60000CE140F61C40C4F20240006800F018006C
:103D7000182840F0FC80FFE740F62840C4F20240DB
:103D8000016801F0030108910168C1F30521069162
:103D90000068C0F300100590059840F63841C4F261
:103DA0000241096889B2C90800FB01F000EE100A5F
:103DB000B8EE400A8DED020A0698002800F0D38084
:103DC000FFE708980090012809D0FFE70098022833
:103DD00000F08D80FFE70098032864D088E040F66B
:103DE0000040C4F20240006800F020010020B0EB67
:103DF000511F33D0FFE740F60040C4F20240006894
:103E0000C0F3C10149F20000C0F2D030C8400390B5
:103E10009DED030AB8EE400A9DED061AB8EE411A70
:103E200080EE010A40F63440C4F2024000686FF3AD
:103E30005F2001EE100AB8EE411A9DED022A9FEDB7
:103E4000533A82EE032A31EE021AB7EE002A31EE1F
:103E5000021A20EE010A8DED010A23E09DED060A0B
:103E6000B8EE401A9FED4A0A80EE010A40F634404F
:103E7000C4F2024000686FF35F2001EE100AB8EE52
:103E8000411A9DED022A9FED413A82EE032A31EE5E
:103E9000021AB7EE002A31EE021A20EE010A8DED69
:103EA000010AFFE748E09DED060AB8EE401A9FEDD3
:103EB000360A80EE010A40F63440C4F2024000683F
:103EC0006FF35F2001EE100AB8EE411A9DED022A51
:103ED0009FED2E3A82EE032A31EE021AB7EE002A47
:103EE00031EE021A20EE010A8DED010A24E0FFE70F
:103EF0009DED060AB8EE401A9FED260A80EE010AF3
:103F000040F63440C4F2024000686FF35F2001EED7
:103F1000100AB8EE411A9DED022A9FED1C3A82EE7E
:103F2000032A31EE021AB7EE002A31EE021A20EE11
:103F3000010A8DED010AFFE740F63440C4F2024069
:103F4000006881B2012000EB512007909DED010A2D
:103F50009DED071AB8EE411A80EE010ABCEEC00AC8
:103F60008DED040A02E000200490FFE705E049F22D
:103F70000000C0F2D0300490FFE7FFE7FFE7FFE763
:103F8000049809B0704700BF20BCBE4B000000463B
:103F90000024744C0024744A80B588B006900698BA
:103FA00028B9FFE701208DF81F0000F0EFBC40F6B4
:103FB0001C40C4F20240006800F01800049040F673
:103FC0002840C4F20240006800F003000390069805
:103FD0000078C006002840F18080FFE70498082898
:103FE00008D0FFE7049818281DD1FFE7039802289E
:103FF00019D1FFE70698C06928B9FFE701208DF8BD
:104000001F0000F0C3BCFFE740F61841C4F20241B4
:10401000086820F47C10069A126A40EA02400860A0
:10402000FFE7FFE758E00698C06988B3FFE740F66E
:104030000041C4F20241086840F480700860FCF757
:1040400045FE0590FFE740F60040C4F202400068DC
:10405000800500280DD4FFE7FCF738FE0599401ACB
:10406000032805D3FFE703208DF81F0000F08EBC66
:10407000E9E7FFE740F61841C4F20241086820F47E
:104080007C10069A126A40EA02400860FFE722E0CC
:1040900040F60041C4F20241086820F480700860D4
:1040A000FCF714FE0590FFE740F60040C4F2024022
:1040B0000068800500280DD5FFE7FCF707FE05998D
:1040C000401A032805D3FFE703208DF81F0000F0F6
:1040D0005DBCE9E7FFE7FFE7FFE706980078C00768
:1040E000002800F0B980FFE70498102808D0FFE707
:1040F000049818280ED1FFE7039803280AD1FFE798
:104100000698406828B9FFE701208DF81F0000F0ED
:104110003DBCA0E0FFE706984068B0F5803F09D1BC
:10412000FFE740F60041C4F20241086840F48030E5
:10413000086056E00698406888B9FFE740F60041FD
:10414000C4F20241086820F480300860086820F456
:1041500080100860086820F48020086040E006981D
:104160004068B0F5A02F11D1FFE740F60041C4F23E
:104170000241086840F480200860086820F480103C
:104180000860086840F48030086028E006984068BD
:10419000B0F5A81F11D1FFE740F60041C4F202417B
:1041A000086840F480200860086840F480100860C7
:1041B000086840F48030086010E040F60041C4F226
:1041C0000241086820F480300860086820F48020EC
:1041D0000860086820F480100860FFE7FFE7FFE749
:1041E000FFE7FFE706984068D0B1FFE7FCF76EFDF8
:1041F0000590FFE740F60040C4F2024000688003EB
:1042000000280CD4FFE7FCF761FD0599401A6528EA
:1042100004D3FFE703208DF81F00B7E3EAE719E0B6
:10422000FCF754FD0590FFE740F60040C4F2024061
:104230000068800300280CD5FFE7FCF747FD0599CF
:10424000401A652804D3FFE703208DF81F009DE383
:10425000EAE7FFE7FFE7FFE7069800788007002816
:1042600040F1C380FFE7049840B1FFE704981828A5
:104270005ED1FFE7039801285AD1FFE70698C0688E
:1042800020B9FFE701208DF81F007FE3049840BBB1
:10429000FFE740F60040C4F20240006800F018005A
:1042A0000699096988421BD0FFE740F60041C4F235
:1042B0000241086820F01800069A1269104308604D
:1042C000FFF7AEFC40F21000C2F200000068FDF7FC
:1042D00069F920B1FFE701208DF81F0056E3FFE7E1
:1042E000FFE7FCF7F3FC0590FFE740F60040C4F25F
:1042F00002400068800700280CD4FFE7FCF7E6FCCA
:104300000599401A032804D3FFE703208DF81F0006
:104310003CE3EAE740F61041C4F20241086820F4A9
:10432000FE00069A526940EA02400860FFE75BE03F
:104330000698C068A8B3FFE740F60041C4F2024106
:10434000086820F01800069A12691043086008688F
:1043500040F001000860FCF7B9FC0590FFE740F66B
:104360000040C4F202400068800700280CD4FFE738
:10437000FCF7ACFC0599401A032804D3FFE703209F
:104380008DF81F0002E3EAE740F61041C4F2024153
:10439000086820F4FE00069A526940EA024008606C
:1043A00021E040F60041C4F20241086820F001001B
:1043B0000860FCF78BFC0590FFE740F60040C4F274
:1043C00002400068800700280CD5FFE7FCF77EFC60
:1043D0000599401A032804D3FFE703208DF81F0036
:1043E000D4E2EAE7FFE7FFE7FFE706980078000777
:1043F000002849D5FFE70698806910B3FFE740F62B
:10440000F041C4F20241086840F080600860FCF7A7
:104410005DFC0590FFE740F6F040C4F20240006802
:10442000000100280CD4FFE7FCF750FC0599401A66
:10443000032804D3FFE703208DF81F00A6E2EAE774
:1044400021E040F6F041C4F20241086820F08060AB
:104450000860FCF73BFC0590FFE740F6F040C4F233
:1044600002400068000100280CD5FFE7FCF72EFC95
:104470000599401A032804D3FFE703208DF81F0095
:1044800084E2EAE7FFE7FFE70698007840070028A4
:1044900040F1CC80FFE740F62400C4F202400068FF
:1044A000C00708BBFFE740F62401C4F202410868D8
:1044B00040F001000860FCF709FC0590FFE740F6BA
:1044C0002400C4F202400068C00760B9FFE7FCF7AF
:1044D000FDFB0599401A032804D3FFE703208DF85C
:1044E0001F0053E2EBE7FFE7FFE70698806801282B
:1044F00009D1FFE740F6F041C4F20241086840F0FC
:104500000100086054E00698806888B9FFE740F62B
:10451000F041C4F20241086820F001000860086818
:1045200020F080000860086820F0040008603EE089
:1045300006988068052811D1FFE740F6F041C4F2E3
:104540000241086840F004000860086820F080001C
:104550000860086840F00100086027E0069880685D
:10456000852811D1FFE740F6F041C4F20241086806
:1045700040F004000860086840F0800008600868A7
:1045800040F00100086010E040F6F041C4F2024142
:10459000086820F001000860086820F00400086046
:1045A000086820F080000860FFE7FFE7FFE7FFE70B
:1045B000FFE706988068E0B1FFE7FCF787FB05900E
:1045C000FFE740F6F040C4F2024000688007002890
:1045D0000ED4FFE7FCF77AFB0599401A41F28931C6
:1045E000884204D3FFE703208DF81F00CEE1E8E7FF
:1045F0001BE0FCF76BFB0590FFE740F6F040C4F2D0
:1046000002400068800700280ED5FFE7FCF75EFB3C
:104610000599401A41F28931884204D3FFE703200B
:104620008DF81F00B2E1E8E7FFE7FFE706980078A2
:104630008006002849D5FFE70698406A10B3FFE7D7
:1046400040F60041C4F20241086840F4805008601E
:10465000FCF73CFB0590FFE740F60040C4F2024047
:104660000068800400280CD4FFE7FCF72FFB0599B5
:10467000401A032804D3FFE703208DF81F0085E1CB
:10468000EAE721E040F60041C4F20241086820F464
:1046900080500860FCF71AFB0590FFE740F60040E9
:1046A000C4F202400068800400280CD5FFE7FCF744
:1046B0000DFB0599401A032804D3FFE703208DF86A
:1046C0001F0063E1EAE7FFE7FFE70698806A00283A
:1046D00000F05881FFE70498182800F0D580FFE724
:1046E0000698806A022840F0A180FFE740F600416A
:1046F000C4F20241086820F080700860FCF7E6FA16
:104700000590FFE740F60040C4F2024000688001D7
:1047100000280CD5FFE7FCF7D9FA0599401A0328C1
:1047200004D3FFE703208DF81F002FE1EAE7FFE73E
:1047300040F62841C4F20241086843F603729043F0
:10474000069BDA6A1B6B42EA032210430860069953
:10475000486BD1F838C0CB6B0A6C01386FF35F201F
:104760004FF60061CFF6FF7101EB4C2189B208448E
:104770000021CFF6FF7101EB034101F4FE01084473
:104780004FF07F4101EB026101F0FE41084440F629
:104790003441C4F202410860FFE740F62841C4F208
:1047A00002410091086820F0100008600698C06C73
:1047B000C00040F63842C4F202421060086840F07F
:1047C00010000860086820F00C00069A526C104334
:1047D0000860086820F02000069A926C1043086078
:1047E000086840F48030086040F60041C4F202419D
:1047F000086840F080700860FCF768FA0590FFE7F1
:1048000040F60040C4F202400068800100280CD449
:10481000FFE7FCF75BFA0599401A032804D3FFE78A
:1048200003208DF81F00B1E0EAE72CE040F60041DC
:10483000C4F20241086820F080700860FCF746FA74
:104840000590FFE740F60040C4F202400068800196
:1048500000280CD5FFE7FCF739FA0599401A032820
:1048600004D3FFE703208DF81F008FE0EAE740F64E
:104870002841C4F2024108684FF6FC72CFF6F87284
:1048800010400860FFE77CE040F62840C4F2024098
:104890000068029040F63440C4F202400068019083
:1048A0000698806A012837D0FFE7029800F00300DD
:1048B0000699C96A88422FD1FFE7029800F47C511B
:1048C0000698006BB0EB112F26D1FFE701986FF32C
:1048D0005F200699496B013988421DD1FFE7BDF879
:1048E00004100698806B0138B0EB512F14D1FFE70C
:1048F000019800F4FE010698C06B0138B0EB114F2F
:104900000AD1FFE7019800F0FE410698006C0138DB
:10491000B0EB116F04D0FFE701208DF81F0035E0E8
:1049200040F63840C4F20240006881B20698C06C7C
:10493000B0EBD10F24D0FFE740F62841C4F202418A
:10494000086820F010000860FCF7C0F90590FFE748
:10495000FCF7BCF90599401A08B9FFE7F8E7069893
:10496000C06CC00040F63841C4F20241086040F615
:104970002841C4F20241086840F010000860FFE7D7
:10498000FFE7FFE700208DF81F00FFE79DF81F00FD
:1049900008B080BD82B0019001980090042843D8EF
:1049A0000099DFE801F00C1D2F4103004EF21001C9
:1049B000CEF20001086840F00400086035E04EF2D5
:1049C0001001CEF20001086820F00400086040F6F3
:1049D000E441C4F20241086820F00C00086024E0C1
:1049E0004EF21001CEF20001086820F004000860C9
:1049F00040F6E441C4F202410868012262F38300F8
:104A0000086012E04EF21001CEF20001086820F0BA
:104A10000400086040F6E441C4F202410868022242
:104A200062F38300086000E0FFE702B07047000017
:104A300082B0009000980138B0F1807F03D3FFE787
:104A40000120019016E0009801384EF21401CEF2D8
:104A5000000108604EF21801CEF20001002008604B
:104A60004EF21002CEF20002116841F00301116013
:104A70000190FFE7019802B07047000083B04EF24A
:104A80001000CEF2000000684007002803D5FFE7C1
:104A90000420029020E040F6E440C4F202400068A6
:104AA00000F00C0001900198009040B1FFE70098E1
:104AB000042807D0FFE70098082806D008E0002067
:104AC000029008E00120029005E00220029002E03E
:104AD00000200290FFE7FFE7029803B07047000054
:104AE00083B00190FFE7019890F88400012804D179
:104AF000FFE702208DF80B002CE00199012081F8DE
:104B00008400FFE7FFE701992420C1F8880001989D
:104B100000680068009001980168086820F00100B2
:104B20000860009820F0005000900199002048662D
:104B3000009801990968086001992020C1F888004F
:104B4000FFE70199002081F88400FFE700208DF83D
:104B50000B00FFE79DF80B0003B0704780B584B0F1
:104B600002900191FFE7029890F88400012804D197
:104B7000FFE702208DF80F0032E00299012081F852
:104B80008400FFE7FFE702992420C1F8880002981B
:104B900000680068009002980168086820F0010031
:104BA000086002980068806820F0606001990843FE
:104BB000029909688860029801F01CF8009802992F
:104BC0000968086002992020C1F88800FFE702996F
:104BD000002081F88400FFE700208DF80F00FFE738
:104BE0009DF80F0004B080BD80B584B002900191A3
:104BF000FFE7029890F88400012804D1FFE7022023
:104C00008DF80F0032E00299012081F88400FFE75F
:104C1000FFE702992420C1F8880002980068006824
:104C2000009002980168086820F00100086002986E
:104C30000068806820F06040019908430299096883
:104C40008860029800F0D6FF009802990968086011
:104C500002992020C1F88800FFE70299002081F81E
:104C60008400FFE700208DF80F00FFE79DF80F009C
:104C700004B080BD80B582B00090009820B9FFE7F5
:104C800001208DF8070046E00098806908B1FFE731
:104C900000E0FFE70098D0F8880040B9FFE70099EE
:104CA000002081F88400009800F03AF8FFE70099AE
:104CB0002420C1F8880000980168086820F00100ED
:104CC00008600098806A20B1FFE7009800F0D8FFE4
:104CD000FFE7009801F06CF9012804D1FFE70120FB
:104CE0008DF8070017E000980168486820F49040AC
:104CF000486000980168886820F02A008860009861
:104D00000168086840F001000860009801F05CF854
:104D10008DF80700FFE79DF8070002B080BD000096
:104D200080B5AAB029900020289027902690259041
:104D3000249002A88821FBF7E5FA2998006843F639
:104D40000001C4F2010188423CD1FFE7002003903A
:104D5000012102910F9002A8FDF7CAFF18B1FFE7E9
:104D6000FBF7C0FDFFE7FFE740F6A440C4F20240B6
:104D7000016841F480410160006800F480400190C6
:104D80000198FFE7FFE740F68C40C4F2024001685B
:104D900041F001010160006800F0010000900098FE
:104DA000FFE74FF4C0602490022025900020269059
:104DB0002790072028900020C4F2022024A9FBF7A6
:104DC00007FEFFE72AB080BD80B58AB00890079142
:104DD000ADF81A2005930898D0F88800202840F0F4
:104DE0009580FFE7079820B1FFE7BDF81A0020B9CA
:104DF000FFE701208DF827008CE0089800688068A4
:104E00000006002807D5FFE708980168886820F0A9
:104E100080008860FFE708990020C1F89000089999
:104E20002120C1F88800FBF751FF0290BDF81A005D
:104E30000899A1F85400BDF81A000899A1F8560085
:104E400008988068B0F5805F09D1FFE7089800698D
:104E500028B9FFE7002004900798039004E0079822
:104E6000049000200390FFE7FFE70898B0F8560091
:104E700088B3FFE70898029B05996A461160802174
:104E8000002201F00DFA40B1FFE708992020C1F897
:104E9000880003208DF827003CE0049858B9FFE70C
:104EA000039800886FF35F20089909688862039867
:104EB0000230039008E00498007808990968886235
:104EC000049801300490FFE70899B1F856000138C2
:104ED000A1F85600C9E70898029B05996A46116037
:104EE0004021002201F0DCF940B1FFE708992020C1
:104EF000C1F8880003208DF827000BE008992020D6
:104F0000C1F8880000208DF8270003E002208DF80A
:104F10002700FFE79DF827000AB080BDFFE7FEE706
:104F200081B0009000980068806900F002010020C4
:104F3000B0EB510F05D0FFE70098016800208862B0
:104F4000FFE7009800688069C00738B9FFE700985C
:104F50000168886940F001008861FFE701B070478F
:104F600080B58AB009900891079200208DF81B0047
:104F700009990968896905910490079803909DF83B
:104F80001400C006002840F18680FFE709980168F8
:104F90001020C861FFE709980068806900F02002CE
:104FA00000210846B1EB521F009007D1FFE79DF8A2
:104FB0001B00B0FA80F040090090FFE70098C0079E
:104FC000002857D0FFE708980130002851D0FFE7AC
:104FD000FBF77CFE0399401A0899884204D8FFE742
:104FE0000898002844D1FFE709980068406800F459
:104FF00080400290099890F842008DF807000998C7
:105000000068806981B20020B0EBD13F14D0FFE787
:105010000298B0F5804F0FD0FFE79DF807002028D9
:105020000AD0FFE709980168486840F4804048606A
:10503000FBF74CFE0390FFE7FFE7099800688069E3
:1050400000F020010020B0EB511F10D1FFE7FBF76B
:105050003DFE0399401A1A2808D3FFE7049840F050
:105060002000049001208DF81B0000E0E5E7FFE739
:10507000FFE790E79DF81B0028B9FFE70998016852
:105080002020C861FFE7049840F00400049001204C
:105090008DF81B00FFE709980068806905909DF86E
:1050A0001500C00768B1FFE7049840F001000490C4
:1050B000099801684FF48070C86101208DF81B00C9
:1050C000FFE79DF81500400700280DD5FFE704987D
:1050D00040F008000490099801684FF48060C861AE
:1050E00001208DF81B00FFE79DF8150080070028C0
:1050F0000DD5FFE7049840F002000490099801687C
:105100004FF40070C86101208DF81B00FFE79DF887
:105110001B0000B3FFE70998FFF702FF0998016839
:1051200048684EF60002CFF6006210404860049ACC
:105130000999486C104348640999202081F841007E
:105140000999002081F84200FFE70999002081F8C1
:105150004000FFE7FFE79DF81B000AB080BD00009C
:1051600080B586B0DDF824C0DDF820C00490ADF82D
:105170000E10ADF80C20ADF80A300498BDF80E10F2
:105180009DF80A20EC4642F20003C8F20003CCF876
:105190000030002300F0A4F804980899099A00F060
:1051A0007DF920B1FFE701208DF8170033E0BDF84D
:1051B0000A00012806D1FFE79DF80C000499096850
:1051C000886215E09DF80D000499096888620498CA
:1051D0000899099A00F062F920B1FFE701208DF8E3
:1051E000170018E09DF80C00049909688862FFE731
:1051F0000498089B09996A4611604021002200F03A
:1052000099F820B1FFE701208DF8170003E0002096
:105210008DF81700FFE79DF8170006B080BD00006D
:1052200080B586B0DDF824C0DDF820C00490ADF86C
:105230000E10ADF80C20ADF80A300498BDF80E1031
:105240009DF80A20EC4642F20003C8F20003CCF8B5
:1052500000304FF0807300F043F804980899099AE1
:1052600000F01CF920B1FFE701208DF8170033E0B2
:10527000BDF80A00012806D1FFE79DF80C0004994B
:105280000968886215E09DF80D0004990968886234
:1052900004980899099A00F001F920B1FFE701206C
:1052A0008DF8170018E09DF80C00049909688862D1
:1052B000FFE70498089B09996A4611608021002243
:1052C00000F038F820B1FFE701208DF8170003E067
:1052D00000208DF81700FFE79DF8170006B080BD8D
:1052E00084B0DDF810C00390ADF80A108DF80920E5
:1052F0000193BDF80A006FF39F209DF8091040EA62
:105300000140019908430499084320F000400090AF
:10531000039800684068049920EA515049F600411A
:10532000CFF6004108400099084303990968486096
:1053300004B0704780B586B0DDF820C004900391BA
:105340008DF80B200193FFE70498006880690399AA
:105350000840401AB0FA80F040099DF80B108842CE
:1053600042D1FFE704980199089AFFF7F9FD20B1AF
:10537000FFE701208DF817003AE00198013090B363
:10538000FFE7FBF7A3FC0899401A0199884203D86C
:10539000FFE7019830BBFFE7049800688069039934
:1053A0000840401AB0FA80F040099DF80B1088427E
:1053B00017D1FFE70499486C40F020004864049935
:1053C000202081F841000499002081F84200FFE785
:1053D0000499002081F84000FFE701208DF81700B4
:1053E00006E0FFE7FFE7AFE700208DF81700FFE7D3
:1053F0009DF8170006B080BD80B584B00290019181
:105400000092FFE702980068806900F02001002008
:10541000B0EB511F39D1FFE702980199009AFFF7CD
:105420009FFD20B1FFE701208DF80F0031E0FBF771
:105430004DFC0099401A0199884203D8FFE7019872
:1054400010BBFFE702980068806900F0200100208F
:10545000B0EB511F17D1FFE70299486C40F02000D4
:1054600048640299202081F841000299002081F8C7
:105470004200FFE70299002081F84000FFE7012089
:105480008DF80F0005E0FFE7BCE700208DF80F0066
:10549000FFE79DF80F0004B080BD000080B584B028
:1054A000029001910092FFE702980068806900F085
:1054B00002010020B0EB510F3ED1FFE702980199A5
:1054C000009AFFF74DFD20B1FFE701208DF80F0096
:1054D00036E00198013070B3FFE7FBF7F7FB009966
:1054E000401A0199884203D8FFE7019810BBFFE7F3
:1054F00002980068806900F002010020B0EB510FB3
:1055000017D1FFE70299486C40F0200048640299E7
:10551000202081F841000299002081F84200FFE735
:105520000299002081F84000FFE701208DF80F006C
:1055300006E0FFE7FFE7B7E700208DF80F00FFE781
:105540009DF80F0004B080BD80B590B000200F9092
:105550000E900D900C900B90FFE740F68C40C4F23B
:105560000240016841F001010160006800F00100A3
:105570000A900A98FFE7FFE740F68C40C4F2024029
:10558000016841F002010160006800F0020009902A
:105590000998FFE70020C4F2022002904421019103
:1055A00000220792FBF77CFB079A40F20040C4F20E
:1055B0000220059004210391FBF772FB019A0298E7
:1055C00007990B92012204920C920D910E910BA956
:1055D0000691FBF7FDF9049B05980699079A0B9332
:1055E0000023C1F211030C930D92FBF7F1F9DDF8E2
:1055F0000CC0049B05980699079ACDF82CC00C9313
:105600000D920E92FBF7E4F9079A0B2008901146D1
:10561000FCF75EF80898FCF751F810B080BD000068
:1056200080B582B040F21C00C2F20000019045F249
:105630000041C4F20001016044F2E531C1F2C00151
:105640004160002181600122C2600161416181618C
:10565000C1610162FBF7DEFB18B1FFE7FBF742F91E
:10566000FFE740F21C00C2F200000021FBF734FB10
:1056700018B1FFE7FBF736F9FFE740F21C00C2F272
:1056800000000021FBF774FB18B1FFE7FBF72AF9D4
:10569000FFE702B080BD000080B50020FBF71AFFD5
:1056A00018B1FFE7FBF71EF9FFE7FBF733FF18B16F
:1056B000FFE7FBF717F9FFE780BD000080B582B078
:1056C00040F27000C2F20000009043F60001C4F204
:1056D0000101016048F28041C0F21E0141600021D9
:1056E00001918160C16001610C2242618161C161EF
:1056F000016241628162FFF7BDFA18B1FFE7FBF773
:10570000F1F8FFE740F27000C2F200000021FFF75D
:105710006BFA18B1FFE7FBF7E5F8FFE740F270001E
:10572000C2F200000021FFF719FA18B1FFE7FBF7FA
:10573000D9F8FFE740F27000C2F20000FFF7D0F99D
:1057400018B1FFE7FBF7CEF8FFE702B080BD00001D
:10575000FFE7FEE7FFE7FEE788B0079006910592B6
:10576000079800F0070004900498C0F1070005288E
:1057700003D3FFE70420019004E00498C0F1070080
:105780000190FFE70198039004980430062803D89D
:10579000FFE70020009003E0049803380090FFE743
:1057A0000098029006980399012202FA01F101394A
:1057B0000840029B984005999A40013A11400843DD
:1057C00008B070477047000080B584B0029040F682
:1057D0000041C4F20241086820F080600860FBF7D5
:1057E00075FA0190FFE740F60040C4F202400068FD
:1057F00000F000610020B0EBD16F0CD0FFE7FBF7A9
:1058000065FA0199401A032804D3FFE703208DF8B5
:105810000F008BE0E7E7FFE740F62C41C4F20241BE
:10582000086843F603729043029B1A685B6842EA79
:1058300003221043086002998868D1F80CC00B69F4
:105840004A6901386FF35F204FF60061CFF6FF71B0
:1058500001EB4C2189B208440021CFF6FF7101EB26
:10586000034101F4FE0108444FF07F4101EB026166
:1058700001F0FE41084440F63C41C4F20241086098
:10588000FFE740F62C41C4F202410091086820F085
:105890000C00029A926910430860086820F020000A
:1058A000029AD269104308600298426A086810435D
:1058B0000860086820F01000086040F64042C4F21A
:1058C000024210684FF6F8739843029B1B6A40EA45
:1058D000C3001060086840F01000086040F6004106
:1058E000C4F20241086840F080600860FBF7EEF9FE
:1058F0000190FFE740F60040C4F20240006800F06B
:1059000000610020B0EBD16F0CD1FFE7FBF7DEF9AF
:105910000199401A032804D3FFE703208DF80F00F4
:1059200004E0E7E700208DF80F00FFE79DF80F0087
:1059300004B080BD7047000080B5FBF7F5FD80BD69
:1059400080B59CB008A85021FAF7DCFC0020079035
:1059500006900590049003900290FFE740F6100037
:10596000C4F20240016841F030010160006800F0BB
:10597000300001900198FFE7FFE740F61400C4F201
:105980000240006800F00800082801D0FFE7F4E7B3
:10599000102008904FF480700F902020109002206B
:1059A00012901390012114917D211591169017905A
:1059B00018900820199000201A901B9008A8FEF754
:1059C000EBFA18B1FFE7FAF78DFFFFE71F2002900F
:1059D000032003900020049005900690079002A8F1
:1059E0000521FDF7D3FE18B1FFE7FAF77BFFFFE7CC
:1059F00042F20001C4F202010868022262F30510BB
:105A000008601CB080BD000081B04EF68851CEF217
:105A10000001086840F47000086040F60042C4F2DB
:105A200002420120106040F61C41C4F202410020F5
:105A3000086040F62041C4F20241086011684EF649
:105A4000E323CFF6E2231940116040F62841C4F267
:105A50000241086040F62C41C4F20241086040F661
:105A60003443C4F2024340F28021C0F201111960B4
:105A700040F63843C4F20243186040F63C43C4F297
:105A80000243196040F64041C4F2024108601168C7
:105A900021F48021116040F65041C4F202410860B7
:105AA0004EF60851CEF200014FF00060086042F25D
:105AB0001800C4F20200006800F0604000900098F6
:105AC000B0F1604F05D0FFE70098B0F1404F24D10E
:105AD000FFE742F21C00C4F202000068C00778B180
:105AE000FFE742F20C01C4F2020142F63B20C0F68D
:105AF0001900086046F67F60C4F65D400860FFE765
:105B000042F21C01C4F20201086840F00200086081
:105B1000086840F001000860FFE701B0704700002E
:105B200087B0ADF81600BDF8160000F4F840ADF8E7
:105B30001400BDF8160000F4004000040490BDF805
:105B400014000146009128B1FFE70098B0F5F84F26
:105B500037D041E0BDF816006FF39F20ADF80E007E
:105B6000BDF80E0018B9FFE7049806903FE0BDF8B5
:105B70000E004000ADF80E00FFE7BDF80E00400536
:105B800000280BD4FFE7BDF80E004000ADF80E0072
:105B9000BDF814000130ADF81400EEE7BDF81400B4
:105BA000C0F17000C0050290BDF80E006FF39F2099
:105BB0004003019004980299084401990844069012
:105BC00015E00498BDF816106FF39F2100EB4130EB
:105BD00000F1FF4006900AE00498BDF816106FF33C
:105BE000DF3100EB413000F160500690FFE706988E
:105BF00007B0704782B001900198406E40B9FFE74E
:105C000001990120A1F86A000199A1F8680034E027
:105C100008208DF803008DF8020001980068806864
:105C2000C0F342608DF80100019800688068400F61
:105C30008DF800009DF802009DF8002049F26C03E9
:105C4000C0F60003995C00FB01F049F26401C0F664
:105C500000018A5CB0FBF2F0019AA2F86A009DF89C
:105C600003009DF801209B5C00FB03F0895CB0FB06
:105C7000F1F00199A1F86800FFE702B07047000059
:105C800081B00090009890F82800000700280BD5FC
:105C9000FFE700980068406820F40040009A11680F
:105CA000926B10434860FFE7009890F82800C00707
:105CB00058B1FFE700980068406820F40030009A6F
:105CC0001168D26A10434860FFE7009890F82800F6
:105CD000800700280BD5FFE700980068406820F493
:105CE0008030009A1168126B10434860FFE70098FB
:105CF00090F82800400700280BD5FFE700980068BF
:105D0000406820F48020009A1168526B104348606C
:105D1000FFE7009890F82800C00600280BD5FFE7A1
:105D200000980068806820F48050009A1168D26B57
:105D300010438860FFE7009890F82800800600284C
:105D40000BD5FFE700980068806820F40050009AA7
:105D50001168126C10438860FFE7009890F82800E3
:105D6000400600281CD5FFE700980068406820F432
:105D70008010009A1168526C104348600098406C83
:105D8000B0F5801F0BD1FFE700980068406820F451
:105D9000C000009A1168926C10434860FFE7FFE76B
:105DA000009890F82800000600280BD5FFE700981F
:105DB0000068406820F40020009A1168D26C1043FB
:105DC0004860FFE701B0704780B588B0069006993B
:105DD0000020C1F89000FAF779FF05900698006856
:105DE0000068000700282FD5FFE70698059B6A4644
:105DF0006FF07E4111604FF40011002200F050FA64
:105E000008B3FFE7FFE7FFE70698006850E8000FD8
:105E100020F080000490FFE704990698026842E8A9
:105E200000100028F0D1FFE7FFE706992020C1F815
:105E30008800FFE70699002081F88400FFE703202F
:105E40008DF81F005FE0FFE70698006800684007D4
:105E5000002842D5FFE70698059B6A466FF07E4111
:105E600011604FF48001002200F01AFAA0B3FFE79E
:105E7000FFE7FFE70698006850E8000F20F49070F5
:105E80000390FFE703990698026842E80010002893
:105E9000F0D1FFE7FFE7FFE7FFE70698006850E86B
:105EA000020F20F001000290FFE7029906980268B5
:105EB00042E802100028F0D1FFE7FFE70699202012
:105EC000C1F88C00FFE70699002081F88400FFE705
:105ED00003208DF81F0016E0FFE706992020C1F887
:105EE00088000699C1F88C0006990020C8660699BA
:105EF0000867FFE70699002081F88400FFE700208B
:105F00008DF81F00FFE79DF81F0008B080BD00005E
:105F100084B00390FFE7FFE70398006850E8000FA4
:105F200020F490700290FFE702990398026842E81B
:105F300000100028F0D1FFE7FFE7FFE7FFE7039835
:105F4000006850E8020F4FF6FE71CEF6FF71084070
:105F50000190FFE701990398026842E802100028C7
:105F6000EDD1FFE7FFE70398C06E012814D1FFE7EA
:105F7000FFE7FFE70398006850E8000F20F01000EB
:105F80000090FFE700990398026842E8001000289B
:105F9000F0D1FFE7FFE7FFE703992020C1F88C006D
:105FA00003990020C8660399486704B07047000051
:105FB00080B58AB0099000208DF813000998006818
:105FC00042F20041C4F20041884201D1FFE700E003
:105FD000FFE7099988680B694A69C9691843104342
:105FE0000843089009980068006846F6F311CCF65B
:105FF000FF710840089908430999096808600998E1
:106000000068406820F44050099A1168D268104333
:1060100048600998806908900998006842F2004138
:10602000C4F20041884206D0FFE70998016A089847
:1060300008430890FFE70998006880684FF2FF4125
:10604000C1F2FF110840089908430999096888605E
:1060500009980068C06A20F00F00099A1168526A16
:106060001043C862FFE70998006843F60001C4F2D4
:106070000101884203D1FFE7012006902AE0099838
:10608000006844F20041C4F20001884203D1FFE7F6
:10609000022006901DE00998006844F60001C4F251
:1060A0000001884203D1FFE70420069010E0099820
:1060B000006842F20041C4F20041884204D1FFE787
:1060C0004FF48050069002E000200690FFE7FFE7C3
:1060D000FFE7FFE7FFE70998006842F20041C4F2DA
:1060E000004188425CD1FFE706980021FBF708FEDB
:1060F00002900298002852D0FFE7029809994A6A54
:1061000049F27401C0F6000131F81210B0FBF1F051
:10611000039003980999496801EB4101884207D32C
:10612000FFE7039809994968B0EB013F04D9FFE7FD
:1061300001208DF8130031E0029809994A68009215
:106140004A6A49F27401C0F6000131F812200023B6
:1061500001931946FAF79EF8009A019B090241EA59
:106160001061000210EB520041F10001FAF792F8C1
:1061700005900598B0F5407F0BD3FFE70599002007
:10618000B0EB115F05D1FFE7059809990968C86070
:1061900003E001208DF81300FFE7FFE7FFE76FE062
:1061A0000998C069B0F5004F3CD1FFE7069800217F
:1061B000FBF7A6FD0290029898B3FFE70298099AB0
:1061C0005168536A49F27402C0F6000232F8132093
:1061D000B0FBF2F0400000EB5100B0FBF1F0059095
:1061E0000598102818D3FFE7BDF81600A0B9FFE7FF
:1061F000059820F00F00ADF81E00059800F00E0184
:10620000BDF81E0040EA5100ADF81E00BDF81E00AA
:1062100009990968C86003E001208DF81300FFE7C1
:10622000FFE72CE006980021FBF76AFD0290029838
:1062300020B3FFE70298099A5168536A49F2740241
:10624000C0F6000232F81320B0FBF2F000EB510070
:10625000B0FBF1F00590059810280AD3FFE7BDF8D0
:10626000160030B9FFE7BDF8140009990968C86045
:1062700003E001208DF81300FFE7FFE7FFE7FFE7EA
:1062800009990120A1F86A000999A1F86800099903
:1062900000204867099988679DF813000AB080BDFF
:1062A00080B586B0DDF820C0049003918DF80B20F6
:1062B0000193FFE704980068C06903990840401AF9
:1062C000B0FA80F040099DF80B10884266D1FFE7D4
:1062D00008980130002860D0FFE7FAF7F7FC019931
:1062E000401A0899884203D8FFE7089820B9FFE7C9
:1062F00003208DF8170055E00498006800684007F7
:10630000002849D5FFE70398802845D0FFE7039888
:10631000402841D0FFE704980068C06900F00801F8
:106320000120B0EBD10F16D1FFE7049801680820D7
:10633000009008620498FFF7EBFD00980499C1F8FB
:106340009000FFE70499002081F88400FFE7012016
:106350008DF8170026E004980068C06900F4006119
:106360000120B0EBD12F16D1FFE7049801684FF45C
:10637000006008620498FFF7CBFD04992020C1F863
:106380009000FFE70499002081F88400FFE70320D4
:106390008DF8170006E0FFE7FFE78BE700208DF898
:1063A0001700FFE79DF8170006B080BDFFE7FEE786
:1063B00081B0ADF80200BDF9020000280ED4FFE75D
:1063C000BDF9021001F01F02012090404A094EF26F
:1063D0000011CEF2000141F82200FFE701B0704742
:1063E0004EF60C50CEF200000068C0F30220704759
:1063F00082B0ADF806000091BDF9060000280AD46D
:10640000FFE700980001BDF906104EF20042CEF2FF
:10641000000288540BE000980001BDF8061001F05E
:106420000F014EF61452CEF200028854FFE702B07C
:106430007047000083B00290029800F007000090BF
:106440004EF60C51CEF200010868019001984FF60B
:10645000FF02104001900198009A40EA02200022B9
:10646000C0F2FA52104301900198086003B07047DF
:1064700082B001900091019840B1FFE7009828B1E7
:10648000FFE70098007801990870FFE702B07047B5
:1064900080B582B00190009140F27000C2F200001D
:1064A00001A901224FF6FF73FEF78EFC019802B09E
:1064B00080BD000080B586B0049003910498282127
:1064C0000DF10602062300F0C7FD0090009818B1F8
:1064D000FFE70098059023E09DF8070003990880E6
:1064E00003990A889DF8060040EA022008809DF87A
:1064F00009000399488003994A889DF8080040EAFA
:10650000022048809DF80B000399888003998A88AF
:106510009DF80A0040EA0220888000980590FFE775
:10652000059806B080BD000080B584B003908DF85A
:106530000B100398122102AA012300F08DFD019097
:106540000198A0B9FFE79DF80B109DF8080001F035
:10655000010100F0BF0040EA81108DF808000398A7
:10656000122102AA012301F0DDF90190FFE7019851
:1065700004B080BD80B584B0039002910398029A64
:106580000F21012300F068FD0190019804B080BD47
:1065900080B584B003908DF80B1003980A2102AAED
:1065A000012300F059FD0190019898B9FFE79DF88B
:1065B0000B0000F007019DF8080000F0F800084407
:1065C0008DF8080003980A2102AA012301F0AAF914
:1065D0000190FFE7019804B080BD000080B588B04D
:1065E00006900591069878210DF10902072300F025
:1065F00033FD0190019818B1FFE7019807901DE164
:1066000004A80DF10901FFF733FF9DF81000C00841
:10661000014600911E2800F2E5800099DFE811F0A4
:106620001F0025002C003A003300410048004F00B5
:1066300056005D0064006B007200790080008700E6
:106640008E0095009C00A300E200E200AA00B100C9
:10665000E200B800BF00C600CD00D400DB00059901
:10666000087800F0E0000870C2E00599087800F0B2
:10667000E00001300870BBE00599087800F0E00008
:1066800002300870B4E00599087800F0E0000430AA
:106690000870ADE00599087800F0E000033008705C
:1066A000A6E00599087800F0E000053008709FE04A
:1066B0000599087800F0E0000630087098E0059928
:1066C000087800F0E0000730087091E0059908783C
:1066D00000F0E000083008708AE00599087800F0C2
:1066E000E0000930087083E00599087800F0E000C8
:1066F0000A3008707CE00599087800F0E0000B3063
:10670000087075E00599087800F0E0000C3008701A
:106710006EE00599087800F0E0000D30087067E041
:106720000599087800F0E0000E30087060E00599E7
:10673000087800F0E0000F30087059E005990878FB
:1067400000F0E0001030087052E00599087800F081
:10675000E000113008704BE00599087800F0E00087
:106760001230087044E00599087800F0E00013301A
:1067700008703DE00599087800F0E00016300870D8
:1067800036E00599087800F0E000173008702FE037
:106790000599087800F0E0001930087028E00599A4
:1067A000087800F0E0001A30087021E005990878B8
:1067B00000F0E0001B3008701AE00599087800F03E
:1067C000E0001C30087013E00599087800F0E00044
:1067D0001D3008700CE00599087800F0E0001E30CC
:1067E000087005E00599087800F0E0000870FFE700
:1067F0009DF810200599087802F0060200F09F002D
:1068000040EA021008709DF80A00059948709DF84A
:106810000B00059988709DF80C000599C8709DF8CB
:106820000D00059908719DF80E00059948719DF8B5
:106830000F000599887101980790FFE7079808B045
:1068400080BD000080B588B006919DF818108DF8C5
:106850001C1005900598012100F0E2FA03900398BE
:10686000C8BBFFE705984421009104AA01920123C7
:10687000029300F0F1FB0099019A029B03909DF8AE
:106880001C0000F0010C9DF8100000F0FD0040EA33
:106890004C008DF810009DF81CC09DF810000CF005
:1068A000020C00F0EF0040EACC008DF810009DF8DB
:1068B0001CC09DF810000CF0040C00F0DF0040EA52
:1068C000CC008DF81000059801F02CF801460398D3
:1068D00008440390FFE70598002100F0A1FA014663
:1068E000039808440390039808B080BD80B586B033
:1068F0000490039104981B210DF10A02022300F079
:10690000ABFB0190019818B1FFE7019805904AE0B0
:106910000DF10A00411C02A8FFF7AAFD9DF808002E
:10692000C0F300120399088820F4007040EA422066
:1069300008809DF80800C0F380120399088820F4AD
:10694000006040EAC22008809DF80800C0F34012B1
:106950000399088820F4806040EA822008809DF82E
:10696000080000F080020399088820F4805040EA73
:10697000421008809DF80B0000F00102039908887E
:1069800000F47E4010440880039908889DF80A208E
:1069900042EA00226FF35F2200F47E401044088038
:1069A00001980590FFE7059806B080BD80B584B0DA
:1069B00003908DF80B109DF80B008DF808000398DC
:1069C000072102AA012300F0ADFF0190019804B055
:1069D00080BD000080B586B00490039104981E210C
:1069E00002AA012300F038FB0190019818B1FFE7DB
:1069F0000198059020E09DF8080000F0010203993D
:106A0000087800F0FE00104408709DF808200399F3
:106A1000087802F0020200F0FD00104408709DF8B2
:106A200008200399087802F0040200F0FB001044EB
:106A3000087001980590FFE7059806B080BD00003A
:106A400080B582B0ADF80600BDF80600FFF768F823
:106A500002B080BD80B58CB00A908DF827100A98DE
:106A60001121039109AA04920123059300F0F4FA7D
:106A70000399049A059B06909DF8270000F00F0CDF
:106A80009DF8240000F0F00060448DF824000A987E
:106A900000F048FF0146069808440690069818B191
:106AA000FFE706980B902EE09DF8270000098DF86F
:106AB0001F009DF81F0018B3FFE70A98622100919C
:106AC00008AA01920123029300F0C6FA0099019AE4
:106AD000029B84460698604406909DF81FC09DF86E
:106AE00020000CF0030C00F0FC0060448DF8200046
:106AF0000A9800F017FF0146069808440690FFE741
:106B000006980B90FFE70B980CB080BD80B584B061
:106B100003908DF80B100398152102AA012300F0B1
:106B20009BFA0190019898B9FFE79DF80B0000F0DF
:106B30000F019DF8080000F0F00008448DF80800EF
:106B40000398152102AA012300F0ECFE0190FFE753
:106B5000019804B080BD000080B584B003908DF82A
:106B60000B100398112102AA012300F075FA01907D
:106B70000198A0B9FFE79DF80B0000F007019DF810
:106B8000080000F08F0040EA01108DF8080003981B
:106B9000112102AA012300F0C5FE0190FFE7019830
:106BA00004B080BD80B594B01290ADF8461010923C
:106BB0008DF83F309DF8470000F00F008DF833004E
:106BC0009DF846008DF832001298012100F028F956
:106BD0000B900B9818B1FFE70B9813901DE11298DA
:106BE000172107910DAA08920123099300F034FAA6
:106BF0000799089A099B84460B9860440B909DF86E
:106C0000340000F0DF008DF834009DF8340040F0CF
:106C100040008DF83400129800F084FE01460B9875
:106C200008440B900B9808B1FFE7EBE012980221A3
:106C300004910EAA05920123069300F00DFA04991F
:106C4000059A069B84460B9860440B909DF833C0D0
:106C50009DF8380000F00F0040EA0C108DF8380065
:106C60009DF8380000F0F00001308DF838001298DF
:106C700000F058FE01460B9808440B900B9808B1A1
:106C8000FFE7BFE09DF832008DF83C001298082124
:106C90000FAA012300F046FE01460B9808440B9012
:106CA0000B9808B1FFE7ADE000208DF82B00FFE75F
:106CB0009DF82B109DF83F2000209142039006DAAA
:106CC000FFE70B98B0FA80F040090390FFE70398C4
:106CD000C007002857D0FFE7129810999DF82B2085
:106CE0000A440921012300F01DFE01460B980844C7
:106CF0000B900B9808B1FFE784E09DF8320001305B
:106D00008DF832009DF83200B0BBFFE70B9898BBBE
:106D1000FFE79DF8330001308DF83300129802210F
:106D20000EAA012300F098F901460B9808440B9035
:106D30000B9808B1FFE765E09DF833109DF8380027
:106D400000F00F0040EA01108DF838009DF838007F
:106D500000F0F00001308DF83800129802210EAAE0
:106D6000012300F0DFFD01460B9808440B900B98BF
:106D700008B1FFE746E0FFE7FFE79DF82B00013091
:106D80008DF82B0094E79DF8380000F00F008DF887
:106D900038009DF8380000F0F00001308DF8380020
:106DA000129802210EAA012300F0BCFD01460B98A7
:106DB00008440B900B9808B1FFE723E012981721C5
:106DC00000910DAA01920123029300F045F9009968
:106DD000019A029B84460B9860440B909DF8340006
:106DE00000F0DF008DF834009DF8340000F0BF00A3
:106DF0008DF83400129800F095FD01460B98084478
:106E00000B90FFE71298002100F00AF801460B985A
:106E100008440B900B981390FFE7139814B080BDB3
:106E200080B584B002908DF80710029801AA012362
:106E3000194600F011F90090009818B1FFE700988A
:106E400003901FE09DF8070000F002019DF8040088
:106E500000F0BF0040EA41108DF804009DF80710D3
:106E60009DF8040000F07F0040EAC1108DF8040096
:106E7000029801AA0123194600F054FD00900098E1
:106E80000390FFE7039804B080BD000080B586B092
:106E90000490039103980078C008C00720B1FFE771
:106EA0004FF0FF300590D4E004980D2102AA012391
:106EB00000F0D2F80090009818B1FFE70098059014
:106EC000C7E00398007800F001019DF8080000F089
:106ED000FE0008448DF80800039801789DF808002A
:106EE00001F0020100F0FD0008448DF8080003984D
:106EF00002789DF80800082101EA920100F0F700ED
:106F000008448DF80800039802789DF808001021C5
:106F100001EA920100F0EF0008448DF808000398A0
:106F20000178202000EA91019DF8080000F0DF00C0
:106F300008448DF808000398407800F001019DF89E
:106F4000080000F0BF0040EA81108DF808000498A6
:106F50000D2102AA012300F0E5FC0090009818B171
:106F6000FFE70098059074E004985E2101AA0123D0
:106F700000F072F80090009818B1FFE700980590B3
:106F800067E003984078C0F3C0019DF8040000F06A
:106F9000FE0008448DF80400039842789DF8040030
:106FA000022101EAD20100F0FD0008448DF804003E
:106FB000039842789DF80400042101EAD20100F010
:106FC000FB0008448DF80400039841789DF8040004
:106FD00001F0400100F0BF0008448DF80400039860
:106FE0004178082000EA11119DF8040000F0F70034
:106FF00008448DF804000398807800F001019DF8A2
:10700000040000F0DF0040EA41108DF8040003980E
:1070100081789DF8040001F0020100F0EF0040EAE1
:10702000C1008DF804000398807800F004019DF8F9
:10703000040000F07F0040EA41108DF8040004983D
:107040005E2101AA012300F06DFC009000980590DC
:10705000FFE7059806B080BD80B586B004908DF836
:107060000F100292ADF80630049820B9FFE74FF0F8
:10707000FF3005900DE00498D0F804C0C0689DF87A
:107080000F10029ABDF80630E04700900098059076
:10709000FFE7059806B080BD80B588B006900591E1
:1070A0000698122103AA01230193FFF7D5FF019B44
:1070B0000290069804AA1946FFF7CEFF01460298EF
:1070C00008440290029818B1FFE7029807902EE05A
:1070D0009DF80C2002F00101022000EA921040EA23
:1070E00081009DF81010C1F3800108440146009111
:1070F000042815D80099DFE801F003070B130F00EF
:107100000599002008700FE00599012008700BE038
:1071100005990220087007E005990420087003E033
:10712000059901200870FFE702980790FFE707988C
:1071300008B080BD80B588B006908DF8171006980D
:10714000122104AA01230293FFF786FF029B0390FA
:10715000069805AA1946FFF77FFF014603980844E1
:107160000390039818B1FFE70398079038E09DF863
:10717000170000F004019DF8100000F07F0040EAC5
:1071800041108DF810009DF8170000F002019DF8E5
:10719000100000F0FE0040EA51008DF810009DF84C
:1071A000170000F001019DF8140000F0FB0040EA18
:1071B00081008DF814000698122104AA012301937E
:1071C00000F0B0FB019B0390069805AA194600F059
:1071D000A9FB014603980844039003980790FFE732
:1071E000079808B080BD000080B588B00690059172
:1071F000069801210291FFF713FE029B0390069867
:107200005E2104AAFFF728FF014603980844039073
:1072100006980021FFF704FE0146039808440390F6
:10722000039818B1FFE7039807902CE09DF8100031
:10723000C0F3C2000146019105281DD80199DFE87D
:1072400001F003070B0F131705990020087017E0D2
:1072500005990120087013E00599022008700FE0DD
:107260000599032008700BE005990420087007E0D9
:1072700005990520087003E0059900200870FFE7D4
:1072800003980790FFE7079808B080BD80B584B0E9
:1072900002908DF8071002980121FFF7C1FD0090C0
:1072A000009818B1FFE7009803902CE002985E2147
:1072B00001AA0123FFF7D0FE0090009808B1FFE774
:1072C00016E09DF8070000F007019DF8040000F0AB
:1072D000C70040EAC1008DF8040002985E2101AAAF
:1072E000012300F01FFB0146009808440090FFE7CF
:1072F00002980021FFF794FD014600980844009091
:1073000000980390FFE7039804B080BD80B59EB05D
:107310001C901B910020ADF858004DF20A70C3F686
:10732000A330139010A80F901C980DF16B01FFF77C
:107330005BFF0D900D9818B1FFE70D981D9051E27D
:107340009DF86B0001460C91052805D80C99DFE8E3
:1073500001F0040A10161C22FFE74DF20A70C3F672
:10736000235013901DE04DF20A70C3F6A340139012
:1073700017E04DF20A70C3F62340139011E04DF26E
:107380000A70C3F6A33013900BE04DF20A70C3F6F7
:107390002330139005E04DF20A70C3F6A32013903A
:1073A000FFE71B9890ED000A9FEDF01A8DED0A1A89
:1073B00020EE010A9DED131A80EE010A00F0F4FDA3
:1073C0009DED0A1AADF852001B9890ED010A20EECF
:1073D000010A9DED131A80EE010A00F0E5FD9DED16
:1073E0000A1AADF854001B9890ED020A20EE010A2B
:1073F0009DED131A80EE010A00F0D6FDADF856009F
:107400001C9810210DF15B020223FFF725FE0146B7
:107410000D9808440D901C9800210B9100F05CFB26
:107420000B9902460D9810440D901C98FFF794FBA1
:1074300001460D9808440D909DF85B00000748B97F
:10744000FFE71C98062100F08DFA01460D980844CC
:107450000D90FFE71C980DF15F0100F007FA01465F
:107460000D9808440D901C98002100F023FA014665
:107470000D9808440D901C980121FFF7D1FC01469E
:107480000D9808440D901C98042108910DF15D029F
:1074900002230993FFF7E0FD0899099B02460D9826
:1074A00010440D901C9816AA00F03CFA01460D9865
:1074B00008440D90FFE71C9807211AAA0123FFF743
:1074C000CBFD01460D9808440D90FFE79DF868003C
:1074D000C0070028EFD0FFE71C9800210791FFF7B5
:1074E0009FFC01460D9808440D901C9819210491A9
:1074F00018AA059201230693FFF7AEFD0499059A99
:10750000069B84460D9860440D909DF8600040F005
:1075100040008DF860001C9800F004FA06990246BD
:107520000D9810440D901C98FFF77AFC01460D98B9
:1075300008440D909DF85D0040F002008DF85D005C
:107540001C9804210DF15D02022300F0EBF907996C
:1075500002460D9810440D901C98FFF761FC0146FF
:107560000D9808440D901C980DF1630100F056FA37
:1075700001460D9808440D90FFE71C9819A9FFF7E4
:1075800029FA01460D9808440D90FFE79DF8640024
:10759000C0070028F1D0FFE71C980DF14601FEF767
:1075A00089FF01460D9808440D901C980221FFF7B1
:1075B00037FC01460D9808440D9000208DF83B00E3
:1075C000FFE79DF83B00022855D8FFE700208DF823
:1075D0003A009DF83B100DF1460030F91100109073
:1075E0009DF863101098884010901C989DF83B10EF
:1075F00001EB410102310F9A9DF83A3003F1010C81
:107600008DF83AC01A44C9B20123039300F08AF9F5
:10761000039B01460D9808440D901C989DF83B1063
:1076200001EB410103310F9A9DF83AC00CF1010EB4
:107630008DF83AE06244C9B200F074F9039B014648
:107640000D9808440D901C989DF83B1001EB4101EA
:1076500004310F9A9DF83AC06244C9B200F062F951
:1076600001460D9808440D90FFE79DF83B0001305E
:107670008DF83B00A5E700208DF83B00FFE79DF863
:107680003B0002284AD8FFE700208DF83A0010900E
:107690001C989DF83B1001EB41010B310F9A9DF8AE
:1076A0003A3003F1010C8DF83AC01A44C9B20123F3
:1076B000029300F037F9029B01460D9808440D90A3
:1076C0001C989DF83B1001EB41010C310F9A9DF87D
:1076D0003AC00CF1010E8DF83AE06244C9B200F0F4
:1076E00021F9029B01460D9808440D901C989DF8C5
:1076F0003B1001EB41010D310F9A9DF83AC06244F5
:10770000C9B200F00FF901460D9808440D90FFE74B
:107710009DF83B0001308DF83B00B0E71C9800213C
:10772000FFF77EFB01460D9808440D901C98816878
:1077300001200190884701991C98FFF771FB0146D1
:107740000D9808440D90FFE71C9807211AAA012301
:10775000FFF782FC01460D9808440D90FFE79DF865
:107760006800C0070028EFD002E000BF35FA8E3C69
:107770001C980021FFF754FB01460D9808440D901A
:107780001C986E210DF152020623FFF70BFA0146F9
:107790000D9808440D901C9810210DF15B020223F6
:1077A00000F0C0F801460D9808440D909DF8600067
:1077B00000F0BF008DF860001C98192118AA012361
:1077C00000F0B0F801460D9808440D901C989DF803
:1077D0005F1000F06FF801460D9808440D900D9869
:1077E0001D90FFE71D981EB080BD000080B584B0DD
:1077F00002908DF8071002980121FFF711FB00900D
:10780000009818B1FFE7009803902CE0029804213B
:1078100001AA0123FFF720FC0090009808B1FFE7C0
:1078200016E09DF807109DF8040001F0010100F03A
:10783000FD0040EA41008DF804000298042101AAED
:10784000012300F06FF80146009808440090FFE71C
:1078500002980021FFF7E4FA0146009808440090DE
:1078600000980390FFE7039804B080BD80B584B012
:107870000390029103980221FFF7D2FA0090039837
:10788000142101AA0123FFF7E7FB014600980844F1
:1078900000909DF80400C0F38000029908700398DE
:1078A0000021FFF7BDFA01460098084400900098B7
:1078B00004B080BD80B584B003908DF80B100398A0
:1078C0000221FFF7ADFA01900398142102AA0123C7
:1078D000FFF7C2FB0146019808440190019808B1E6
:1078E000FFE713E09DF80B109DF8080001F001017F
:1078F00000F0FB0040EA81008DF808000398142195
:1079000002AA012300F00EF80190FFE7039800217E
:10791000FFF786FA0146019808440190019804B0E7
:1079200080BD000080B586B004908DF80F100292E3
:10793000ADF80630049820B9FFE74FF0FF3005900E
:107940000DE00498D0F800C0C0689DF80F10029AAE
:10795000BDF80630E047009000980590FFE70598D5
:1079600006B080BD80B58AB008908DF81F100898C9
:10797000102107AA0123FFF76FFB0490049818B1A8
:10798000FFE70498099046E09DF81F0000F00F0102
:107990009DF81C0000F0F00008448DF81C000898C9
:1079A000102107AA0123FFF7BDFF0490049818B126
:1079B000FFE7049809902EE09DF81F0000098DF85C
:1079C00017009DF8170018B3FFE70898622101918E
:1079D00006AA029201230393FFF73EFB0199029A44
:1079E000039B84460498604404909DF817C09DF85A
:1079F00018000CF0030C00F0FC0060448DF8180037
:107A00000898FFF78FFF0146049808440490FFE7A9
:107A100004980990FFE709980AB080BD80B586B048
:107A2000049003910498172102AA0123FFF714FB85
:107A30000190019818B1FFE70198059023E09DF8A7
:107A4000080000F0030001460091032814D80099B3
:107A5000DFE801F002060A0E0399002008700FE02B
:107A60000399012008700BE003990220087007E0D9
:107A700003990320087003E0039900200870FFE7D2
:107A800001980590FFE7059806B080BD80B584B0E9
:107A900003908DF80B100398172102AA0123FFF71A
:107AA000DBFA0190019898B9FFE79DF80B0000F010
:107AB00003019DF8080000F0FC0008448DF8080060
:107AC0000398172102AA0123FFF72CFF0190FFE77B
:107AD000019804B080BD000080B584B003908DF89B
:107AE0000B100398102102AA0123FFF7B5FA0190A9
:107AF0000198A0B9FFE79DF80B0000F007019DF881
:107B0000080000F08F0040EA01108DF8080003988B
:107B1000102102AA0123FFF705FF0190FFE701985A
:107B200004B080BD0000000080B5BEB01AA813905C
:107B3000002015903D90F9F705FDFDF701FFFDF7D9
:107B400003FDFDF76DFDFDF7A7FDFDF7B7FD49F25C
:107B5000AA00C0F6000000F0A7FB40F20040C4F20B
:107B600002200421149101221792F9F799F814992F
:107B7000159A0020C4F202201690F9F791F8169891
:107B8000179A4021F9F78CF86420F8F7AFFE48F215
:107B90007D10C0F60000389048F24110C0F6000099
:107BA000399048F23110C0F600003A9040F21C00C3
:107BB000C2F200003B900A2000F0BAFA40F208112D
:107BC000C2F20001189138A8FEF7D4FC1898027888
:107BD00049F2D700C0F60000702100F065FB18984C
:107BE0000078702802D0FFE7FFE7FEE738A80421FD
:107BF000FFF7A0FAFFE738A80DF1DF01FFF74CFA15
:107C0000FFE79DF8DF000028F5D1FFE738A81290C4
:107C100001211191FEF788FC11991298FFF736FFA8
:107C2000129804211091FEF771FF12982021FEF79F
:107C3000BDFE129840F21901C2F200010A7842F02A
:107C400001020A700A7842F002020A700A7842F0D1
:107C500004020A7009788DF8CC103399FEF7F2FD12
:107C600012980621FEF794FC10991298FFF77AFEFD
:107C700010991298FEF7EEFE11991298FFF706FB85
:107C800011991298FFF7B2FD1298002134913591A5
:107C9000369134A9FFF73AFB12989DF8C81041F0CD
:107CA00020018DF8C81032A9FFF7F0F8FFE740F285
:107CB0001800C2F200000078012840F06B81FFE755
:107CC00040F21801C2F2000100200870ADF8C600B1
:107CD00038A83CA9FEF70AFEBDF8F000000BC0076B
:107CE000002800F05681FFE7BDF8F0006FF35F2039
:107CF000ADF8C600BDF8C61049F29800C0F6000005
:107D000000F0D2FAFFE7BDF8C600411EADF8C6107C
:107D1000002800F03781FFE738A82FA9FEF75EFCA6
:107D20009DF8BC0000F01F0001460F9113280AD0F7
:107D3000FFE70F98162804D0FFE70F98172801D007
:107D40001EE11EE11DE12FA8411C2AA800F034FA13
:107D500013982B9923912C9922912A9921912D994D
:107D6000209190ED060AB5EE400AF1EE10FA1ADA0B
:107D7000FFE7139890ED090AB1EE400A80ED090A79
:107D800090ED080AB1EE400A80ED080A90ED070A6E
:107D9000B1EE400A80ED070A90ED060AB1EE400A06
:107DA00080ED060AFFE7139890ED090A20EE000A1D
:107DB00080ED050A90ED080A20EE000A80ED040A25
:107DC00090ED070A20EE000A80ED030A90ED080A04
:107DD00090ED062A90ED091A90ED073A21EE031A6C
:107DE00020EE020A30EE010A30EE000A90ED041A8D
:107DF00090ED052A31EE021A31EE012AB7EE001A93
:107E00008DED0E1A71EE420A00F008FB9DED0E1A80
:107E10001398B1EE400A80ED000A90ED090A90ED4A
:107E2000083A90ED072A90ED064A22EE042A20EE49
:107E3000030A30EE020A30EE000A90ED052A90EDBA
:107E4000033A32EE032A32EE022A71EE420A00F0C1
:107E5000E5FA1398B1EE400A80ED010A90ED090AA7
:107E600090ED062A90ED081A90ED073A21EE031ADC
:107E700020EE020A30EE410A30EE000A00F038FA35
:107E80001398B1EE400A80ED020A90ED000AB5EEBB
:107E9000400AF1EE10FA15DAFFE71A98F8F756FBE8
:107EA00041EC100B9FED3C1B53EC112B51EC100BD4
:107EB000F8F733FA41EC100B51EC100BF8F759FBC3
:107EC0001A90FFE700208DF86700FFE79DF8670034
:107ED000022824DCFFE79DF867100C911AA80D908A
:107EE00050F82100F8F732FB41EC100B51EC100B6D
:107EF0009FED2B0B53EC102BF8F7B6FA41EC100B5F
:107F000051EC100BF8F735FB0C9A0D9941F8220053
:107F1000FFE79DF8670001308DF86700D6E71A98F3
:107F20001B9904911C990691F8F710FB02460498DE
:107F300005920A46059942EC101B8DED0A0BF8F7E5
:107F400005FB0246069807920A46079942EC101B69
:107F50008DED080BF8F7FAFA9DED081B9DED0A0B65
:107F600041EC120B684680ED022B80ED001B53ECB8
:107F7000102B49F2B200C0F6000000F095F900E0C5
:107F8000FFE7C0E649F28C00C0F6000000F08CF973
:107F9000FFE7FFE78BE600BF4AD8124DFB211940EF
:107FA000CB67791EDCA54C4080B582B08DED010A0F
:107FB00001980090009800F003F802B080BD000026
:107FC00086B00490049800F00040000CADF8060064
:107FD000049800F0FF4003900398B0F18F4F35D321
:107FE000FFE70398B0F1FF4F29D1FFE704986FF343
:107FF000DF5002900298D8B1FFE702994FF4F840A1
:1080000000EB5130ADF80000BDF80000B0F5F84FBE
:1080100006D1FFE7BDF800000130ADF80000FFE732
:10802000BDF80600BDF800100844ADF816006CE07D
:10803000BDF8060000F5F840ADF8160065E0BDF8A3
:10804000060000F5F840ADF816005EE00398B0F1C8
:10805000605F35D8FFE79DF80F00322805D8FFE7AD
:10806000BDF80600ADF816004FE00398C00D039070
:108070000498012161F3DF5002900398C0F171016F
:108080000298C840029002986FF39F30B0F5805F6D
:1080900005D1FFE7BDF81000400528B1FFE70298C1
:1080A00000F580500290FFE70298400BADF8020007
:1080B000BDF80600BDF802100844ADF8160024E033
:1080C000039800F14840400BADF8040004986FF3AA
:1080D000DF50029002986FF39F30B0F5805F05D0BB
:1080E000FFE7029800F580500290FFE70298400BEE
:1080F000ADF80200BDF80600BDF804100844BDF854
:1081000002100844ADF81600FFE7BDF8160006B0EF
:108110007047000080B582B0ADF80600BDF80600DB
:10812000FEF78EFC00909DED000A02B080BD0000BD
:1081300080B582B001900198F8F7D8FB02B080BDFD
:1081400080B588B007908DF81B100592ADF81230FD
:1081500007989DF81B200599BDF812C06B464FF497
:108160007A7EC3F808E0C3F804C01960D521012362
:10817000F8F7DAFE002008B080BD000080B588B0B6
:1081800007908DF81B100592ADF8123007989DF8F6
:108190001B200599BDF812C06B464FF47A7EC3F8D8
:1081A00008E0C3F804C01960D5210123F9F702F8EB
:1081B000002008B080BD000080B586B00590049115
:1081C00000200090039004980088FFF7A3FF059813
:1081D00080ED000A04984088FFF79CFF059880ED29
:1081E000010A04988088FFF795FF0098059981EDB2
:1081F000020A8DF80B00FFE79DF80B00022816DC41
:10820000FFE705989DF80B1000EB810090ED000A48
:108210009DED031A20EE000A30EE010A8DED030AEF
:10822000FFE79DF80B0001308DF80B00E4E79DEDB2
:10823000030AB7EE001AB4EE410AF1EE10FA25DD9A
:10824000FFE79DED030A00F03FFA8DED010A9DED79
:10825000011A059890ED000A80EE010A80ED000AEF
:108260009DED011A059890ED010A80EE010A80ED5E
:10827000010A9DED011A059890ED020A80EE010AAF
:1082800080ED020A4FF07E500390FFE79DED031A48
:10829000B7EE000A30EE410A00F016FA059880EDBC
:1082A000030A06B080BD00000FB4054B10B503A94A
:1082B000044A029800F014FB10BC5DF814FB0000A7
:1082C00091640008000000204100080218BF04204B
:1082D0000A0E18BF40F001004FF07F4232EA010160
:1082E00008BF40F00200012808BF052070470000C9
:1082F00010B54FF00E402DED028BB0EE408A18EE17
:10830000104A00EB4400B0F1506F4AD84FF0FC40E7
:10831000B0EB440F22D2B0EEC80AF7EE000A30EEFE
:10832000C00AF6EE000A60EE208A18EE900A00F00D
:108330006EFE01EE100A14F0004F1DBFDFED2D0A96
:108340009FED2D0AB1EE411ADFED2C0A08BF9FED1B
:108350002C0AF8EE001A21EE218A05E0DFED290A49
:1083600068EE088AB0EE600A9FED271ADFED271A43
:1083700030EE080A48EE811A9FED251A08EEA11A80
:10838000DFED241A48EE811A9FED231A08EEA11A98
:1083900068EE281ABDEC028B01EE810A30EE200A4D
:1083A00010BD4FF0E440B0EB440F0CD918EE100AAA
:1083B000FFF78AFF042808BF00F0B2F9B0EE480AC0
:1083C000BDEC028B10BD4FF07F40B0EB440F07D2E5
:1083D000B0EE480ABDEC028BBDE8104000F091B948
:1083E000012000F0B5F9BDEC028BBDE8104000F0B3
:1083F0008FB900000000C9BF22AAFDB90000C93F23
:1084000022AAFD390000000024FE1C3DC78AD83C8A
:108410001E67383D1B93993DAFAA2A3E70B54FF0B9
:1084200068422DED048BF0EE408A18EE900AB0EE13
:10843000608A18EE101A02EB4003B3F1654F3CBF9F
:1084400002EB4102B2F1654F7DD200BFC0F3C753CA
:10845000C1F3C7529A1A1B2A09DD10F0004F14BF4E
:108460009FED830A9FED830ABDEC048B70BD12F172
:108470001A0F36DA11F0004F09D010F0004F0CBF80
:108480009FED7D0A9FED7D0ABDEC048B70BD88EEEB
:10849000889A19EE100AFFF717FF042808BF00F0AA
:1084A0003FF918EE900AFFF70FFF054618EE100A85
:1084B000FFF70AFF044619EE100AFFF705FF042D27
:1084C00018BF052D08D1042C18BF052C04D1002895
:1084D00004BF022000F03CF9B0EE490ABDEC048B69
:1084E00070BD4200B2EB410F3AD910F0004F19BFF6
:1084F000DFED630A9FED630ADFED630A9FED630A18
:10850000B0EE481A0A46B1EE688A80F00041F0EEFB
:10851000418A10460A1A5200B2F1807F34D2484094
:1085200010F0004FDFED5A1A9FED5A2A1DBFBEEE24
:10853000001A70EEE10A30EE420AB6EE001A08BFE9
:1085400070EEA10A00E040E008BF30EE020AB0EE93
:10855000682A01EE482A08EE818AC2EE081A15E060
:1085600011F0004F04BF9FED4C0AF0EE400AD1D04D
:1085700010F0004F19BFDFED490A9FED490ADFED0A
:10858000490A9FED490AC5E7C8EE881A21EEA11AEB
:108590009FED462ADFED462A41EE022A9FED452A4D
:1085A00001EE222ADFED442A41EE022A9FED432A02
:1085B000BDEC048B01EE222A21EE811A01EE020AA3
:1085C00030EE210A30EE200A70BD4FF07F42B2EB50
:1085D000400F28BFB2EB410F09D2F0EE480AB0EECF
:1085E000680ABDEC048BBDE8704000F08DB840EA2D
:1085F00001035B0008BF41F0FF410BD0B2EB400F1D
:1086000008BFB2EB410F08D120F0804008EE900A7D
:1086100021F0804108EE101A18E7B2EB400F12BFAC
:108620005FEA410340F0FF4001F000413FF40EAF2C
:10863000B2EB410F12BF5FEA400200F0004041F090
:10864000FF413FF403AF4A0092EA40033FF5FEAE1C
:10865000002AACBF9FED1A0A9FED1A0A68EE808AC5
:1086600028EE008A18EE900A18EE101AEEE60000C6
:10867000DB0FC9BFDB0FC93FDB0F4940DB0F49C030
:108680000000C9BF22AAFDB90000C93F22AAFD39D6
:108690000060ED3EC30ACE3700000000000049C074
:1086A00022AA7DBA0000494022AA7D3A2DAD65BDBF
:1086B0008FB8D53D0FB511BE61C84C3EA8AAAABE61
:1086C0000000804F0000802F10B52DED028BB1EE21
:1086D000C08A18EE100A20F00040C0F1FF40C00F21
:1086E0000AD010EE100A20F00040C0F1FF40C00F89
:1086F00004BF012000F02CF8B0EE480ABDEC028B5C
:1087000010BD30EE000A704730EE200A70470000BE
:10871000DFED020A80EEA00A7047000000000000B2
:108720009FED020A20EE000A7047000000000010D2
:1087300002E008C8121F08C1002AFAD1704770472A
:10874000002001E001C1121F002AFBD17047000088
:108750000149086070470000040000202DE9FF5F18
:1087600082B00021DDE90430020DDDF840B00343A2
:1087700018D044F61050A2F2FF324243151411985B
:1087800001281FD0A5EB0B00401C5FEA000A4FF048
:1087900000064E4FDFF83891B046504615D5CAF165
:1087A000000413E0119801244AA3012801D16FEAC3
:1087B0000B010298119AC0E90031C0E9024206B0EB
:1087C000BDE8F09FCBF10000DFE704460021404AFE
:1087D000491842EB0450CDE9001012E0E00707D041
:1087E00032463B4640464946F7F73EFE80468946BC
:1087F00032463B4610461946F7F736FE06460F4608
:108800006410002CEAD1DDE90401DDE90023BAF1AE
:10881000000F06DAF7F728FE42464B46F7F724FE2C
:1088200005E0F7F79DFF42464B46F7F799FF0446F0
:108830000E460022284BF8F71BF803D84FF0FF3004
:10884000014607E00022254B20463146F7F765FD3B
:10885000F7F7F5FF102409E0002C0ADB0A220023B9
:10886000F7F718FD039B30321A55641E50EA0102D7
:10887000F2D1641C039AC4F111031444119A012A21
:1088800003D0012208430DD10AE0084304D00020A0
:108890004FF0110B119072E7A3EB0B056D1E0DE06D
:1088A0005B4504DD4FF0000205F1010504E003DA49
:1088B0004FF00002A5F10105002AECD002981199B1
:1088C000C0E90231C0E9004579E70000000014402A
:1088D0000000F03F300000000000F0430000E03FE7
:1088E0002DE9FF4F95B09B468946064600250FE2CD
:1088F000252877D100242746F84A0121059400E075
:10890000044316F8013F203B01FA03F01042F7D16F
:1089100030782A2811D06FF02F033078A0F1300280
:10892000092A16D8059A44F0020402EB820203EBEE
:1089300042021044761C0590EFE759F8042B05928B
:10894000002A03DA504244F40054059044F0020433
:10895000761C30782E2816D116F8010F44F0040446
:108960002A280DD06FF02F023078A0F13003092BA8
:1089700009D807EB870302EB4303C718761CF3E71C
:1089800059F8047B761C30786C280FD006DC4C2814
:1089900017D068280DD06A2814D104E0742810D0AC
:1089A0007A280FD10DE044F400140AE044F4801456
:1089B00001E044F440147278824202D104F580143C
:1089C000761C761C307866280BD013DC582877D0BC
:1089D00009DC002875D04528F6D04628F4D0472871
:1089E0001AD19DE118E0632835D0642879D0652834
:1089F00012D195E1702873D008DC6728F1D069287E
:108A00006FD06E280DD06F2806D1B5E073282CD01A
:108A1000752875D0782874D05A46179990476D1CE0
:108A200075E1C4F30250022809D003280DD0D9F80B
:108A3000001004280DD00D6009F1040967E1D9F890
:108A40000010EA17C1E90052F6E7D9F800100D80CE
:108A5000F2E70D70F0E719F8041B8DF80010002004
:108A60008DF80100EA46012003E059F804AB4FF00D
:108A7000FF3061074FF0000102D40DE008F1010161
:108A80008846B9420FDA8045F8DB1AF80810002949
:108A9000F4D108E008F1010188468142FADB1AF8B6
:108AA00008100029F6D105985B46A0EB080721467F
:108AB0003846179A00F094FA284400EB080507E0BE
:108AC0004DE029E10DE01AF8010B5A46179990473D
:108AD000B8F10108F7D25B4621463846179A13E1F0
:108AE00042E00A220092C4F302524FF0000A022A26
:108AF00008D059F804CB032A4FEAEC710AD00DE0F4
:108B000029E02AE009F1070121F00702F2E802C199
:108B1000914609E00FFA8CFC4FEAEC71042A03D16C
:108B20004FFA8CFC4FEAEC71002907DA0A46002163
:108B3000DCF1000C61EB02012D2202E0220504D5DC
:108B40002B228DF80420012203E0E20701D020222D
:108B5000F7E7904659E00A2102E010220DE01021CB
:108B60004FF0000A00910BE010224FF0000A44F091
:108B700004040827009203E008224FF0000A009244
:108B8000C4F30252022A05D059F804CB0021032A6B
:108B900008D009E009F1070121F00702F2E802C15B
:108BA000914605E01FFA8CFC042A01D10CF0FF0C61
:108BB0004FF00008220728D5702806D0009B83F0CC
:108BC000100353EA0A0305D00EE040228DF804207A
:108BD000012208E05CEA010206D030228DF8042070
:108BE0008DF8050002229046009B83F0080353EAAB
:108BF0000A030AD15CEA010201D1620705D53022DD
:108C00008DF804204FF001087F1E582804D034A0AE
:108C100003900EA802900DE036A0F9E75346604697
:108C2000009AF7F737FB84460398825C0298401E4F
:108C3000029002705CEA0100F0D1029806A9081ABD
:108C400000F1200A600702D524F4803400E00127F7
:108C5000574502DDA7EB0A0000E0002000EB0A0107
:108C6000009005984144401A0590E00306D45B4605
:108C70002146179A059800F0B3F90544002706E04D
:108C800001A85A46C05D179990476D1C7F1C474547
:108C9000F6DBE0030CD55B462146179A059800F0F9
:108CA0009FF9054404E030205A46179990476D1CFF
:108CB0000099481E00900029F5DC08E0029802990E
:108CC0005A460078491C0291179990476D1CBAF1D9
:108CD0000001AAF1010AF1DC65E1000009280100A8
:108CE0003031323334353637383961626364656622
:108CF00000000000303132333435363738394142E4
:108D0000434445460000000000F058F90544761C35
:108D1000307800287FF4ECAD19B02846BDE8F08F1C
:108D2000620700D4062709F1070222F0070CFCE8CD
:108D30000223E14603F000485FEA080C02D00FF27C
:108D4000702C0DE05FEA045C02D50FF2682C07E09E
:108D50005FEAC47C02D00FF2602C01E0AFF2700C2D
:108D60004FF0FF3823F00043CDF850C065280CD0F9
:108D700006DC452809D046281DD047283DD13DE0D6
:108D8000662818D067287ED138E00021112F01DB3A
:108D9000112000E0781CCDE9000106A90EA8FFF71C
:108DA000DDFCDDE90F010E9A03910021009207F12D
:108DB000010A04914DE04FF000400097CDE9011009
:108DC00006A90EA8FFF7CAFCDDE90F0203920E9B6D
:108DD00011990022DDF80CA00093049211B9791CBE
:108DE00000EB010AB7EB0A0004D4C0F1FF3007F131
:108DF000010A0490AAEB0700019044E0012F00DA79
:108E000001270021112F01DD112000E03846CDE9B6
:108E1000000106A90EA8FFF7A1FCDDE90F010E9ADB
:108E20000391002104910092BA4621070CD40399C2
:108E3000514500DA8A46BAF1010F05DD009AAAF120
:108E40000101515C302908D0B84202DA10F1040F58
:108E500006DA0121CDE9011015E0AAF10101E9E7E7
:108E6000002805DC049901440491AAEB000102E00A
:108E7000411C514500DD8A460499401A401C01906E
:108E80004FF000400290200704D40198504501DBC8
:108E9000CDF8048000208DF84F0002980DF14F07A7
:108EA000B0F1004F25D02B200E9002984FF0020811
:108EB00000280CDA404202902D200E9007E00A2193
:108EC0000298F7F772FB3031029007F8011DB8F1F4
:108ED0000001A8F10108F2DC02980028EFD1791E08
:108EE0000E980870307800F0200040F0450007F838
:108EF000020D12A8C01B00F107081498007800B1F9
:108F0000012000EB0A01019801EBE0710598414452
:108F1000401A401E0590E00306D45B462146179A8E
:108F2000059800F05DF805441498007818B15A4689
:108F3000179990476D1CE00324D55B462146179A8C
:108F4000059800F04DF805441CE00498002807DB64
:108F5000DDE90301884203DD0098405C179901E0D8
:108F6000179930205A469047049805F10105401C96
:108F700004900198401E019004D12E205A46179962
:108F800090476D1CBAF10001AAF1010ADDDC05E091
:108F900017F8010B5A46179990476D1CB8F100015C
:108FA000A8F10108F4DC5B462146179A0598ABE668
:108FB0002D0000002B000000200000002DE9F041F2
:108FC000044600251E461746880404D405E03946A9
:108FD0002020B0476D1C641EF9D52846BDE8F081FD
:108FE0002DE9F041044600251E469046C80301D5F0
:108FF000302700E02027880404D505E041463846A4
:10900000B0476D1C641EF9D52846BDE8F08110B547
:1090100000EE100A2DED028BB1EEC08A18EE100A98
:1090200020F00040C0F1FF40C00F0AD010EE100A3F
:1090300020F00040C0F1FF40C00F04BF0120FFF747
:1090400087FB18EE100ABDEC028B10BD000000007B
:1090500000000000010203040607080900000000E8
:1090600001020304080402040801010101010103D3
:1090700007010000010002000400060008000A00C9
:109080000C00100020004000800000012D2D2D2D2F
:109090002D2D200D0A0D0A002D2D204649464F206A
:1090A0006E756D202564200D0A0048454C4C4F21FB
:1090B0000A0065756C65725B305D3D25662C6575D3
:1090C0006C65725B315D3D25662C65756C65725B08
:1090D000325D3D25660A004C534D364453563136B9
:1090E000585F49443D307825782C77686F616D4929
:1090F0003D3078257800000018910008000000201D
:109100001800000030870008309100081800002087
:10911000F840000040870008000000000000000048
:109120000090D003010000001000000000000000CB
:040000050800025994
:00000001FF
